ID	Description	GeneRatio	BgRatio	RichFactor	FoldEnrichment	zScore	pvalue	p.adjust	qvalue	geneID	Count
GO:1901991	negative regulation of mitotic cell cycle phase transition	142/9141	185/16283	0.7675675675675676	1.3672795867741718	5.68378315473226	3.4212385266059546e-9	2.78078267442532e-5	2.6408360121685756e-5	INHBA/KLF4/RGCC/PML/TREX1/ZFP36L2/RPS27L/TPRA1/TAOK3/CHEK2/DUSP1/WEE1/PLK3/GPNMB/TEX14/CDKN1A/BTN2A2/SYF2/CHMP4C/DACT1/SKA1/ZFP36L1/RPA2/CDC14B/DTL/RBBP8/CDK1/CDKN2B/NBN/BUB1/TTK/BARD1/NDC80/FOXO4/CRADD/MAD2L2/BABAM2/BRCA1/LCMT1/SKA3/IK/RB1/E2F7/MYO16/FZR1/RPL26/CLSPN/FBXO7/CDC6/RFWD3/MUC1/CDKN1B/GIGYF2/WAC/DYNC1LI1/UIMC1/EZH2/BRD7/MIIP/BABAM1/PLK2/CDCA8/SDE2/BCL2/TPR/USP47/TRIAP1/NAE1/SPC25/NUF2/PTEN/ZFYVE19/FHL1/ANAPC15/RBM38/NABP2/INIP/CCNG1/ETAA1/RAD17/SPC24/MDM2/PSMG2/CDC73/AURKB/ZWINT/IER3/AVEN/TP53/CDK2AP2/PINX1/BRCC3/DONSON/MAD2L1BP/FBXO5/MAD2L1/CHEK1/ACVR1/RAD50/CDK5RAP2/JADE1/PKD2/BLM/CDK2/KNL1/HASPIN/GPR132/RINT1/ZNF830/CCND1/TICRR/RAD21/RBL2/SPDL1/ATR/MBTPS2/KANK2/NOP53/CACNB4/CTDSPL/MAD1L1/KNTC1/BUB3/DCUN1D3/CASP2/ZW10/NABP1/INTS3/GEN1/CTDSP1/RBL1/FOXN3/ORC1/TOPBP1/HUS1/KLHL22/ABRAXAS1/BRSK1/ZWILCH/PKMYT1/APC/TAOK1	142
GO:0042770	signal transduction in response to DNA damage	145/9141	192/16283	0.7552083333333334	1.3452638980053242	5.444413134769399	1.5896510164897488e-8	6.46034173101434e-5	6.1352162652207e-5	PARP9/DTX3L/PMAIP1/SP100/ANKRD1/PML/FBXO6/TREX1/GADD45A/SESN2/RPS27L/TAOK3/CHEK2/PLK3/BRCA2/CDKN1A/YJU2/CASP9/SYF2/PYHIN1/NEK11/ZNF385A/NDRG1/CDKN2A/RHNO1/RPA2/CDC14B/SNAI2/DTL/KDM1A/SPRED2/CDK1/NBN/BARD1/SNAI1/BRIP1/ERCC6/FOXO4/USP28/EEF1E1/CRADD/BCL3/MAPK3/MAD2L2/BABAM2/BRCA1/XPC/MYO6/RAD51/FOXO3/E2F7/ATF2/FZR1/RPL26/CLSPN/SIRT1/MARCHF7/RFWD3/ABL1/MUC1/EME1/CDKN1B/TWIST1/GIGYF2/WAC/TIPIN/UIMC1/STK38/LYN/DDX5/CDC5L/BABAM1/PLK2/SDE2/KAT5/TIPRL/TRIAP1/DYRK1A/USP10/UFL1/MIF/INTS7/RBM38/PSMD10/FEM1B/COPS3/CD74/RNF8/CCNG1/ETAA1/RAD17/MDC1/MSH2/MDM2/MUS81/IER3/TP53/PTTG1IP/FBXO4/EIF2AK4/BRCC3/DONSON/DYRK3/CHEK1/BLM/FOXM1/CDK2/GRB2/KMT5A/PPM1D/PPP1R10/MSX1/SPRED1/RINT1/ZNF830/CCND1/TICRR/ZNHIT1/TTI1/ING4/ATR/MBTPS2/E2F1/MAP3K20/BRD4/CD44/NOP53/TTI2/MDM4/MAP2K6/H2AX/CASP2/RAD1/ZMPSTE24/FOXN3/WDR76/ATRX/TOPBP1/HUS1/RNASEH2B/ABRAXAS1/BRSK1/TP53BP1/ATAD5/TAOK1	145
GO:0008608	attachment of spindle microtubules to kinetochore	49/9141	54/16283	0.9074074074074074	1.6163783847297688	5.132621122912922	2.9047456514853345e-8	7.869924218424267e-5	7.47385960082174e-5	TEX14/AURKC/SKA1/CDK1/NDC80/SKA3/DSN1/ABRAXAS2/RB1/ECT2/SIRT1/BECN1/KAT2B/CDCA8/BOD1/MIS12/CENPE/KIF2C/KAT5/KNSTRN/SPC25/NUF2/SGO1/SPAG5/CDT1/SPC24/NSL1/AURKB/SKA2/NEK2/PMF1/SIRT2/KNL1/RACGAP1/RMDN1/MAPRE1/MAD1L1/KNTC1/EML4/CHAMP1/BUB3/HNRNPU/ZW10/SEH1L/CENPC/CDC42/ABRAXAS1/ZWILCH/APC	49
GO:0044839	cell cycle G2/M phase transition	119/9141	156/16283	0.7628205128205128	1.3588235871629373	5.094567215177008	1.162058625193989e-7	2.3613031263941856e-4	2.2424673417230321e-4	MASTL/KCNH5/TAOK3/CHEK2/WEE1/PLK3/ABCB1/CDKN1A/SYF2/DBF4B/CHMP4C/CDK14/CDC14B/DTL/RBBP8/CDK1/NBN/RRM2B/BARD1/NDC80/FOXO4/RAD51B/USP50/BABAM2/BRCA1/LCMT1/ENSA/MELK/FZR1/CLSPN/CDC6/UIMC1/RAD51C/MIIP/BABAM1/USP47/LATS1/NAE1/ZFYVE19/MTA3/FHL1/NABP2/NES/STOX1/INIP/CCNG1/ETAA1/RAD17/UBE2A/CDC25C/CCNQ/AURKB/VPS4B/IER3/CCNA2/AVEN/TP53/CALM2/FBXL15/CDC25A/PINX1/RAB11A/BRCC3/CDC7/DONSON/FBXO5/SIN3A/KIF14/AURKA/DYRK3/CHEK1/RAD50/TPD52L1/BLM/FOXM1/CDK2/AKAP8L/PKIA/PPM1D/CDK6/GPR132/RINT1/ZNF830/CCND1/TICRR/NPM1/PBX1/RAD21/ING4/ATR/MBTPS2/CDK4/BRD4/TAF2/NOP53/CDC25B/CALM1/PPME1/NABP1/MACROH2A1/CALM3/KHDRBS1/AKAP8/INTS3/NEK10/FOXN3/ORC1/ATF5/TOPBP1/HUS1/RNASEH2B/ABRAXAS1/DNM2/BRSK1/RRM1/PKMYT1/PLCB1/ATAD5/TAOK1	119
GO:0009060	aerobic respiration	141/9141	192/16283	0.734375	1.3081531697844875	4.85921978749605	4.697695924190163e-7	6.740430885110868e-4	6.401209552491453e-4	NUPR1/IDH1/NDUFS5/NDUFA1/COX7B/MTFR2/ACO1/NDUFC2-KCTD14/NDUFV2/NDUFB3/ATP5ME/UQCRB/COA6/ATP5PD/NDUFB7/ABCD1/BLOC1S1/COX7C/SUCLG2/NDUFS6/ME3/DLAT/UQCRH/UQCRQ/ATP5IF1/HIF1A/SUCLA2/CDK1/NDUFA7/NDUFS4/KGD4/COX6B1/NDUFB1/CAT/CHCHD10/TMEM135/NDUFB10/SLC25A23/NDUFA6/COX8A/MDH1/ATP5PF/PINK1/DLD/COX5A/SDHD/IDH3G/ATP5F1C/NDUFB6/SDHC/NDUFA8/CYCS/CHCHD2/C2orf69/DNAJC15/COX6C/ATP5PO/UQCR10/ARL2/NDUFB5/PDHB/IDH3A/GHITM/NDUFA13/COX5B/IDH3B/NDUFC1/NDUFB11/NDUFB2/UQCRC1/ATP5F1B/ATP5MG/COX4I1/NDUFA4/NDUFA12/NDUFA5/NDUFB8/SNCA/COX10/SUCLG1/ATP5F1E/OGDH/SDHB/DGUOK/ATP5MF/UQCRFS1/NDUFA2/RHOA/PARK7/COX7A2/MLXIPL/MDH2/ATP5PB/UQCR11/DLST/NDUFB4/NDUFS2/IDH2/COX7A2L/OGDHL/MSH2/SIRT3/NDUFS8/AFG1L/CYC1/ISCU/MFN2/NDUFA9/UQCRC2/PDHA1/NDUFC2/NNT/COQ9/STOML2/NIPSNAP2/MTFR1/SDHAF2/UQCC3/ATP5F1D/SDHAF4/DNAJC30/NDUFS7/ATP5F1A/NDUFS3/NDUFV1/NDUFAB1/NOP53/NDUFAF1/NDUFA11/MACROH2A1/SLC25A14/TEFM/UQCC2/IDE/COL6A1/UCN/CS/SDHA/ACTN3/SHMT2/NDUFA10	141
GO:1902749	regulation of cell cycle G2/M phase transition	92/9141	118/16283	0.7796610169491526	1.388821829010289	4.795618145243236	5.577465060473632e-7	6.740430885110868e-4	6.401209552491453e-4	KCNH5/TAOK3/WEE1/CDKN1A/SYF2/DBF4B/CHMP4C/CDC14B/DTL/RBBP8/CDK1/NBN/RRM2B/BARD1/FOXO4/RAD51B/USP50/BABAM2/BRCA1/FZR1/CLSPN/CDC6/UIMC1/RAD51C/MIIP/BABAM1/USP47/NAE1/ZFYVE19/MTA3/FHL1/NABP2/STOX1/INIP/CCNG1/ETAA1/RAD17/CDC25C/CCNQ/AURKB/VPS4B/IER3/AVEN/TP53/CDC25A/PINX1/RAB11A/BRCC3/CDC7/DONSON/FBXO5/SIN3A/KIF14/AURKA/DYRK3/CHEK1/RAD50/BLM/CDK2/PKIA/CDK6/GPR132/RINT1/ZNF830/CCND1/TICRR/NPM1/PBX1/RAD21/ING4/ATR/MBTPS2/CDK4/BRD4/NOP53/CDC25B/NABP1/MACROH2A1/INTS3/NEK10/FOXN3/ORC1/ATF5/TOPBP1/HUS1/RNASEH2B/ABRAXAS1/BRSK1/RRM1/PKMYT1/ATAD5/TAOK1	92
GO:0000086	G2/M transition of mitotic cell cycle	106/9141	139/16283	0.762589928057554	1.358412843076376	4.800939087649057	5.804997071330718e-7	6.740430885110868e-4	6.401209552491453e-4	MASTL/KCNH5/TAOK3/CHEK2/WEE1/PLK3/ABCB1/CDKN1A/SYF2/DBF4B/CHMP4C/CDK14/CDC14B/DTL/RBBP8/CDK1/NBN/RRM2B/BARD1/FOXO4/RAD51B/BABAM2/BRCA1/LCMT1/ENSA/MELK/FZR1/CLSPN/CDC6/UIMC1/RAD51C/MIIP/BABAM1/USP47/LATS1/NAE1/ZFYVE19/MTA3/FHL1/NABP2/NES/STOX1/INIP/CCNG1/ETAA1/RAD17/UBE2A/CDC25C/AURKB/VPS4B/IER3/CCNA2/AVEN/CALM2/FBXL15/CDC25A/PINX1/RAB11A/BRCC3/CDC7/DONSON/FBXO5/SIN3A/KIF14/AURKA/CHEK1/RAD50/TPD52L1/BLM/FOXM1/CDK2/PKIA/PPM1D/CDK6/GPR132/RINT1/ZNF830/CCND1/TICRR/PBX1/RAD21/ATR/MBTPS2/CDK4/BRD4/TAF2/NOP53/CDC25B/CALM1/PPME1/NABP1/CALM3/KHDRBS1/INTS3/FOXN3/ORC1/TOPBP1/HUS1/RNASEH2B/ABRAXAS1/DNM2/BRSK1/RRM1/PKMYT1/PLCB1/TAOK1	106
GO:0000070	mitotic sister chromatid segregation	139/9141	190/16283	0.7315789473684211	1.3031725194180068	4.755420595991502	8.173706604091344e-7	8.304485909756805e-4	7.886551385237082e-4	RIPOR2/CHMP5/CHEK2/DUSP1/TEX14/CHMP4B/CHMP4A/CHMP4C/AURKC/SKA1/SMARCA5/CDK1/CENPI/BUB1/MISP/TTK/NSMCE2/CHMP2B/NDC80/MAD2L2/KIF18A/LCMT1/KIF25/SKA3/STAG2/SMC3/IK/ABRAXAS2/RB1/SMC2/CHMP2A/NUDC/SIRT1/DRG1/BECN1/KAT2B/DYNC1LI1/CENPK/MZT1/CDCA8/BOD1/MIS12/KIF23/CENPE/KIF2C/TPR/KAT5/WAPL/PIBF1/KNSTRN/SPC25/NUF2/RHOA/CHMP1B/ANAPC15/NIPBL/TUBG1/KIF15/CHMP3/GOLGA2/DLGAP5/SPAG5/CDT1/CCSAP/SPC24/NCAPG/PSMG2/NSL1/AURKB/SKA2/TUBG2/ZWINT/VPS4B/KATNB1/NUSAP1/NEK2/CHMP7/PINX1/RAB11A/MAD2L1BP/FBXO5/KIF14/MAD2L1/CDK5RAP2/DCTN2/BAZ1B/CLASP2/RANGRF/KMT5A/KNL1/AKAP8L/MAP9/KIF11/HASPIN/BCCIP/POLDIP2/LSM14A/CEP97/RAD21/CDCA5/KIF3B/RACGAP1/SPDL1/CDC16/RMDN1/MAPRE1/MAD1L1/CLASP1/KNTC1/EML4/CHAMP1/BUB3/HNRNPU/ZW10/CDC23/MYBL2/AKAP8/GEN1/CHMP6/ANAPC11/SEH1L/NCAPG2/TPX2/PPP2R1A/CENPC/KLHL22/ABRAXAS1/NCAPH2/TTN/KIF18B/SMC4/ZWILCH/RRS1/ANAPC7/UBE2C/APC/CEP192/PPP1CC/NCAPH	139
GO:0070646	protein modification by small protein removal	88/9141	113/16283	0.7787610619469026	1.387218725706314	4.672844939650558	1.0733708621400486e-6	9.693731519415905e-4	9.205881324061961e-4	TRIM21/USP18/TNFAIP3/UCHL1/OTUD1/USP51/TNIP1/STAMBPL1/YOD1/USP43/TANK/USP54/USP25/UCHL3/USP1/SENP7/CYLD/OTUD7A/CDK1/ZC3H12A/USP53/ITCH/VCPIP1/USP28/USP15/COPS2/USP50/BABAM2/USP33/MINDY3/OTUD4/USP37/OTUD7B/ABRAXAS2/HINT1/OTUD3/USP32/STAMBP/USP16/COPS8/USP4/COPS4/USP29/JOSD1/JOSD2/PSMD14/SENP8/OTUB1/USP47/COPS6/SENP1/USP10/USP2/PARK7/UCHL5/COPS3/COPS7A/ZRANB1/COPS7B/USP38/SENP6/USP27X/SENP2/USP11/USP39/USP8/OTUD5/BRCC3/UBXN1/BAP1/USP9Y/PRKN/USP14/USP12/USP42/NOP53/COPS5/ATXN3/DESI1/OTUB2/USP30/GPS1/USP3/TOR1A/OTUD6B/USP36/SPATA2/SHMT2	88
GO:0007093	mitotic cell cycle checkpoint signaling	113/9141	151/16283	0.7483443708609272	1.3330370190054128	4.65133569333942	1.331785751394109e-6	0.0010824754587331316	0.0010279984121024212	PML/TREX1/RPS27L/TAOK3/CHEK2/DUSP1/PLK3/TEX14/CDKN1A/SYF2/NEK11/CHMP4C/SKA1/RPA2/CDC14B/DTL/RBBP8/CDK1/NBN/BUB1/TTK/BARD1/NDC80/FOXO4/CRADD/MAD2L2/BABAM2/BRCA1/XPC/LCMT1/SKA3/IK/E2F7/ATF2/FZR1/RPL26/CLSPN/CDC6/RFWD3/MUC1/EME1/CDKN1B/GIGYF2/WAC/DYNC1LI1/TIPIN/UIMC1/BABAM1/PLK2/CDCA8/SDE2/TPR/TRIAP1/NAE1/SPC25/NUF2/ZFYVE19/ANAPC15/RBM38/NABP2/INIP/CCNG1/ETAA1/RAD17/MDC1/SPC24/MSH2/MDM2/PSMG2/AURKB/MUS81/ZWINT/IER3/TP53/BRCC3/DONSON/MAD2L1BP/MAD2L1/CHEK1/RAD50/CDK5RAP2/BLM/CDK2/KNL1/PPP1R10/HASPIN/RINT1/ZNF830/CCND1/TICRR/SPDL1/ATR/MBTPS2/MAP3K20/NOP53/MAD1L1/KNTC1/BUB3/CASP2/ZW10/NABP1/INTS3/GEN1/FOXN3/ORC1/TOPBP1/HUS1/KLHL22/ABRAXAS1/BRSK1/ZWILCH/APC/TAOK1	113
GO:0090398	cellular senescence	78/9141	99/16283	0.7878787878787878	1.4034602672607266	4.555292209861986	1.9082257402475822e-06	0.001371407270518786	0.0013023893383125593	KIR2DL4/CITED2/B2M/PML/PNPT1/TBX2/PRKCD/BMAL1/GCH1/BRCA2/CDKN1A/H2AJ/MAP3K5/CDKN2A/SIRT6/YBX1/TBX3/ING2/HMGA2/CDKN2B/MORC3/BCL6/LMNA/ZMIZ1/NSMCE2/YPEL3/EEF1E1/MAPK11/ZNF277/SRF/FZR1/SMC6/ZKSCAN3/SIRT1/ABL1/CDKN1B/TWIST1/CALR/PLK2/KAT5/ARG2/MIF/PTEN/HRAS/CGAS/MAP2K4/WNT16/TERF2/MAP2K3/PAWR/KAT6A/MAPK10/COMP/ID2/TP53/MAPK9/MAP2K1/NUAK1/FBXO4/FBXO5/CDK2/RSL1D1/HMGA1/NEK4/TOP2B/CDK6/AKT3/NPM1/OPA1/MNT/MAP2K6/H2AX/WRN/SMC5/ZMPSTE24/RBL1/DNAJA3/PRMT6	78
GO:0010389	regulation of G2/M transition of mitotic cell cycle	82/9141	105/16283	0.780952380952381	1.391122155021072	4.548680760851675	2.0247154584430895e-6	0.001371407270518786	0.0013023893383125593	KCNH5/TAOK3/WEE1/CDKN1A/SYF2/DBF4B/CHMP4C/CDC14B/DTL/RBBP8/CDK1/NBN/RRM2B/BARD1/FOXO4/RAD51B/BABAM2/BRCA1/FZR1/CLSPN/CDC6/UIMC1/RAD51C/MIIP/BABAM1/USP47/NAE1/ZFYVE19/MTA3/FHL1/NABP2/STOX1/INIP/CCNG1/ETAA1/RAD17/CDC25C/AURKB/VPS4B/IER3/AVEN/CDC25A/PINX1/RAB11A/BRCC3/CDC7/DONSON/FBXO5/SIN3A/KIF14/AURKA/CHEK1/RAD50/BLM/CDK2/PKIA/CDK6/GPR132/RINT1/ZNF830/CCND1/TICRR/PBX1/RAD21/ATR/MBTPS2/CDK4/BRD4/NOP53/CDC25B/NABP1/INTS3/FOXN3/ORC1/TOPBP1/HUS1/RNASEH2B/ABRAXAS1/BRSK1/RRM1/PKMYT1/TAOK1	82
GO:0032543	mitochondrial translation	98/9141	130/16283	0.7538461538461538	1.3428374273139616	4.439909458760544	3.800069475989288e-6	0.0023367477777939396	0.00221914777436839	MRPL40/MRPS31/MRPL1/MRPS18C/GADD45GIP1/MRPL41/MRPS18A/MRPL49/MTIF3/AURKAIP1/MRPS24/MRPL27/TACO1/MRPL54/MRPL58/MRPL28/MRPL33/MRPL22/MRPS33/MRPL16/MALSU1/MRPL32/GATB/MRPL18/MRPL44/MRPL11/MRPL17/MRPL39/MRPL47/MRPL51/MRPS15/MRPS10/MRPL9/MRPL57/MRPL10/MRPL23/MRPL15/CHCHD1/MRPL50/MRPS21/MRPL12/MRPS35/TARS2/MRPL13/TRMT10C/MPV17L2/MRPL14/COA3/GARS1/MRPS28/MRPS26/QRSL1/ALKBH1/MRPS9/MRPL46/MRPS22/GFM2/RPUSD3/MRPL53/MRPL37/MRPL3/CDK5RAP1/NGRN/MRPS17/MRPS23/MRPL34/MRPS12/MRPL35/MRPS7/RCC1L/MRPL24/MRPS34/MRPS2/MRPL2/MRPL55/MTRF1L/MTIF2/MRPS11/TSFM/MRPL45/FASTKD2/C1QBP/MRPL43/NSUN3/MRPL19/SARS2/DAP3/LRPPRC/MRPL20/MRPL48/UQCC2/AARS2/MRPL21/HARS1/SHMT2/MRPL4/TUFM/YARS2	98
GO:0051099	positive regulation of binding	82/9141	106/16283	0.7735849056603774	1.377998361105779	4.417073881667882	4.0249100503340495e-6	0.0023367477777939396	0.00221914777436839	RIPOR2/TRIM21/PARP9/DTX3L/H1-0/BMP2/B2M/STING1/HIP1R/BAMBI/POU4F2/EGF/TXN/RIPK2/TRIB3/PLAUR/GMNN/VTN/PYHIN1/AKTIP/RPL11/KDM4D/TRIM6/IL32/DACT1/DDRGK1/RALB/POU4F1/ADD2/FLOT1/HES1/PIN1/EDF1/USP33/DAZAP2/PAX6/CEBPG/FOXC1/RB1/NMD3/BLK/NVL/IGF1/ABL1/FKBP1A/TWIST1/PPP2CB/TAF1/PPP2CA/ZNF618/GTF2B/GATA3/MED25/ANXA2/NME1/CDT1/RARA/EIF3C/ZNF268/ACD/LAMTOR5/SUMO4/TRAF6/DPH3/PINX1/SIRT2/STMN1/HMGB1/ADD1/RIPOR1/EPB41/PRKN/NIBAN2/BDNF/MET/GPSM1/RAPGEF2/CLIC2/HFE/EIF3D/BMP4/IDE	82
GO:0006119	oxidative phosphorylation	105/9141	141/16283	0.7446808510638298	1.3265111364043694	4.4052411771107565	4.607785645866973e-6	0.0024815875468529734	0.0023566982854684075	NUPR1/NDUFS5/NDUFA1/COX7B/NDUFC2-KCTD14/NDUFV2/NDUFB3/ATP5ME/UQCRB/COA6/ATP5PD/NDUFB7/ABCD1/COX7C/NDUFS6/UQCRH/UQCRQ/ATP5IF1/CDK1/NDUFA7/NDUFS4/COX6B1/NDUFB1/CHCHD10/TMEM135/NDUFB10/SLC25A23/NDUFA6/COX8A/ATP5PF/PINK1/DLD/COX5A/SDHD/ATP5F1C/NDUFB6/SDHC/NDUFA8/CYCS/CHCHD2/C2orf69/DNAJC15/COX6C/ATP5PO/UQCR10/NDUFB5/GHITM/NDUFA13/COX5B/NDUFC1/NDUFB11/NDUFB2/UQCRC1/ATP5F1B/ATP5MG/COX4I1/NDUFA4/NDUFA12/NDUFA5/NDUFB8/SNCA/ATP5F1E/SDHB/DGUOK/ATP5MF/UQCRFS1/NDUFA2/RHOA/PARK7/COX7A2/MLXIPL/ATP5PB/UQCR11/NDUFB4/NDUFS2/COX7A2L/MSH2/NDUFS8/AFG1L/CYC1/ISCU/NDUFA9/UQCRC2/NDUFC2/COQ9/STOML2/NIPSNAP2/SDHAF2/UQCC3/ATP5F1D/DNAJC30/NDUFS7/ATP5F1A/NDUFS3/NDUFV1/NDUFAB1/NDUFAF1/NDUFA11/MACROH2A1/TEFM/UQCC2/SDHA/ACTN3/SHMT2/NDUFA10	105
GO:1902750	negative regulation of cell cycle G2/M phase transition	58/9141	71/16283	0.8169014084507042	1.4551586953071673	4.348250218329448	4.88501485600979e-6	0.0024815875468529734	0.0023566982854684075	TAOK3/WEE1/CDKN1A/SYF2/CHMP4C/CDC14B/DTL/RBBP8/CDK1/NBN/BARD1/FOXO4/BABAM2/BRCA1/FZR1/CLSPN/CDC6/UIMC1/MIIP/BABAM1/USP47/NAE1/ZFYVE19/FHL1/NABP2/INIP/CCNG1/ETAA1/RAD17/AURKB/IER3/AVEN/PINX1/BRCC3/DONSON/CHEK1/RAD50/BLM/GPR132/RINT1/ZNF830/TICRR/RAD21/ATR/MBTPS2/NOP53/NABP1/MACROH2A1/INTS3/FOXN3/ORC1/ATF5/TOPBP1/HUS1/ABRAXAS1/BRSK1/PKMYT1/TAOK1	58
GO:0010972	negative regulation of G2/M transition of mitotic cell cycle	56/9141	69/16283	0.8115942028985508	1.4457048906899794	4.197277346729403	1.0481785586066087e-5	0.004737543271829344	0.004499119976730805	TAOK3/WEE1/CDKN1A/SYF2/CHMP4C/CDC14B/DTL/RBBP8/CDK1/NBN/BARD1/FOXO4/BABAM2/BRCA1/FZR1/CLSPN/CDC6/UIMC1/MIIP/BABAM1/USP47/NAE1/ZFYVE19/FHL1/NABP2/INIP/CCNG1/ETAA1/RAD17/AURKB/IER3/AVEN/PINX1/BRCC3/DONSON/CHEK1/RAD50/BLM/GPR132/RINT1/ZNF830/TICRR/RAD21/ATR/MBTPS2/NOP53/NABP1/INTS3/FOXN3/ORC1/TOPBP1/HUS1/ABRAXAS1/BRSK1/PKMYT1/TAOK1	56
GO:0031570	DNA integrity checkpoint signaling	102/9141	138/16283	0.7391304347826086	1.316624096878374	4.225764489902851	1.0988645594737516e-5	0.004737543271829344	0.004499119976730805	PARP9/DTX3L/PML/FBXO6/TREX1/RPS27L/TAOK3/CHEK2/PLK3/BRCA2/CDKN1A/SYF2/NEK11/RHNO1/RPA2/CDC14B/DTL/CDK1/NBN/BARD1/BRIP1/ERCC6/FOXO4/USP28/CRADD/BABAM2/BRCA1/XPC/RAD51/E2F7/ATF2/FZR1/RPL26/CLSPN/CDC6/RFWD3/MUC1/EME1/CDKN1B/GIGYF2/WAC/TIPIN/UIMC1/STK38/LYN/CAMSAP3/CDC5L/BABAM1/PLK2/SDE2/TIPRL/TRIAP1/NAE1/UFL1/INTS7/RBM38/FEM1B/CCNG1/ETAA1/CDT1/RAD17/MDC1/MSH2/MDM2/MUS81/IER3/TP53/FBXO4/EIF2AK4/BRCC3/DONSON/CHEK1/BLM/CDK2/PPP1R10/RINT1/ZNF830/CCND1/TICRR/TTI1/ATR/MBTPS2/E2F1/MAP3K20/BRD4/NOP53/TTI2/H2AX/CASP2/RAD1/FOXN3/ORC1/WDR76/CDC45/TOPBP1/HUS1/RNASEH2B/ABRAXAS1/TIMELESS/BRSK1/TP53BP1/TAOK1	102
GO:0015986	proton motive force-driven ATP synthesis	60/9141	75/16283	0.8	1.4250519636801227	4.17396450293748	1.2157550894073529e-5	0.004737543271829344	0.004499119976730805	NDUFS5/NDUFA1/NDUFV2/NDUFB3/ATP5ME/ATP5PD/NDUFB7/ATP5MK/NDUFS6/ATP5IF1/NDUFA7/NDUFS4/NDUFB1/NDUFB10/NDUFA6/ATP5PF/SDHD/ATP5F1C/NDUFB6/SDHC/NDUFA8/ATP5PO/NDUFB5/NDUFA13/NDUFC1/NDUFB11/NDUFB2/ATP5F1B/ATP5MG/NDUFA12/NDUFA5/NDUFB8/ATP5F1E/SDHB/ATP5MC3/ATP5MF/NDUFA2/ATP5MJ/ATP5PB/NDUFB4/NDUFS2/NDUFS8/ATP6V0C/NDUFA9/NDUFC2/STOML2/ATP5F1D/DNAJC30/NDUFS7/ATP5F1A/NDUFS3/NDUFV1/NDUFAB1/ATP5MC1/NDUFA11/ATP5MC2/VPS9D1/ATP6V1A/SDHA/NDUFA10	60
GO:0030330	DNA damage response, signal transduction by p53 class mediator	60/9141	75/16283	0.8	1.4250519636801227	4.17396450293748	1.2157550894073529e-5	0.004737543271829344	0.004499119976730805	PMAIP1/SP100/ANKRD1/PML/SESN2/RPS27L/CHEK2/PLK3/BRCA2/CDKN1A/YJU2/PYHIN1/ZNF385A/NDRG1/CDKN2A/SNAI2/KDM1A/SPRED2/NBN/SNAI1/EEF1E1/CRADD/BCL3/MYO6/FOXO3/E2F7/RPL26/SIRT1/MARCHF7/MUC1/CDKN1B/TWIST1/DDX5/PLK2/KAT5/TRIAP1/DYRK1A/USP10/MIF/RBM38/PSMD10/COPS3/CD74/MDM2/TP53/PTTG1IP/DYRK3/FOXM1/KMT5A/PPM1D/MSX1/SPRED1/ZNHIT1/ING4/ATR/CD44/MDM4/CASP2/ZMPSTE24/ATRX	60
GO:0022900	electron transport chain	96/9141	129/16283	0.7441860465116279	1.325629733655928	4.2006807502805	1.2240207764322863e-5	0.004737543271829344	0.004499119976730805	NDUFS5/NDUFA1/COX7B/NDUFC2-KCTD14/NDUFV2/VPS54/NDUFB3/ETFRF1/UQCRB/FDX1/COA6/NDUFB7/COX7C/SCO2/NDUFS6/UQCRH/UQCRQ/GBA1/CDK1/NDUFA7/NDUFS4/ETFB/COX6B1/NDUFB1/IMMP2L/NDUFB10/NDUFA6/COX8A/MDH1/PINK1/DLD/COX5A/SDHD/NDUFB6/SDHC/NDUFA8/CYCS/CHCHD2/DNAJC15/COX6C/UQCR10/NDUFB5/GHITM/COX5B/NDUFC1/PPARGC1A/NDUFB2/UQCRC1/COX4I1/ETFA/NDUFA4/NDUFA12/NDUFA5/NDUFB8/SNCA/GPD2/SDHB/DGUOK/UQCRFS1/NDUFA2/PARK7/COX7A2/MDH2/UQCR11/NDUFB4/NDUFS2/COX7A2L/AIFM2/DHRS2/FDX2/PDIA5/NDUFS8/AFG1L/CYC1/ISCU/NDUFA9/UQCRC2/ENOX2/SLC25A12/NDUFC2/WDR93/COQ9/SDHAF2/UQCC3/HCCS/NDUFS7/NDUFS3/PUM2/NDUFV1/NDUFAB1/NDUFAF1/POR/THAP11/SDHA/NDUFA10/NDOR1	96
GO:0007098	centrosome cycle	102/9141	139/16283	0.7338129496402878	1.3071519810734937	4.114299976327429	1.855424955079297e-5	0.0068549518340384205	0.006509967079232768	C10orf90/DEUP1/CHMP5/GADD45A/CCNL1/BRCA2/CHMP4B/CETN3/CHMP4C/TUBE1/NUBP1/CDK1/HAUS1/PLK4/CSAG1/CHMP2B/NDC80/NDE1/STIL/BRCA1/USP33/SASS6/CTNNB1/KIF25/POC1B/MARK4/CETN2/CHMP2A/CEP152/CEP120/SIRT1/UVRAG/ARL2/PPP1R12A/KAT2B/UXT/CDK11B/PDCD6IP/SSX2IP/PARD6A/PLK2/CNTLN/ROCK2/CEP135/BBS4/CHMP1B/SGO1/CEP44/KIF15/CHMP3/GOLGA2/CEP250/NSFL1C/CEP295/PCLAF/CCP110/MCPH1/TRIM37/CENPJ/VPS4B/NEK2/NDEL1/RTTN/AURKA/CHEK1/TUBA1A/CDK5RAP2/FBXW5/PKD2/C2CD3/CDK2/XPO1/MAP9/KIF11/SDCCAG8/PARD6B/NPM1/CEP131/MDM1/SAC3D1/KIF3B/CDK11A/HAUS8/KIAA0753/HAUS6/CKAP5/RANBP1/CCDC102B/GEN1/HAUS4/HAUS2/KIF3A/NIN/DCTN1/ATF5/PCM1/CEP85/ALMS1/DNM2/BRSK1/HAUS7/CEP192	102
GO:0034502	protein localization to chromosome	92/9141	124/16283	0.7419354838709677	1.3216207727678555	4.067134174107119	2.2704172744978188e-5	0.008023457220486205	0.00761966584617506	PML/CENPQ/BRCA2/H4C14/XRCC4/WBP2/H4C15/POT1/ESCO2/APLF/MIS18A/SIRT6/RHNO1/RPA2/H2BC11/H4C5/SLF2/CDK1/H4C12/NBN/ZMYND8/TTK/VCPIP1/ZNF827/H4C3/SGF29/H1-5/IK/RB1/HTATSF1/H2AC8/SLF1/TERF2IP/TNKS2/EZH2/TINF2/CYREN/BOD1/WAPL/CDK9/PARP3/NABP2/NIPBL/TASOR/TERF2/RAD17/MDC1/ACD/MSH2/AURKB/CHMP7/PIAS4/PINX1/RNF4/MMS22L/KNL1/RUVBL2/H4C4/HASPIN/H4C9/XRCC5/TERF1/RAD21/H4C8/SPDL1/TNKS/CCT6A/ATR/TPP1/JARID2/GNL3/SETD2/CTCF/KNTC1/H2AX/CHAMP1/BUB3/H4C2/H2AC4/ZW10/VRK1/MACROH2A1/SMC5/RPA1/MCM8/ATRX/TOPBP1/H4C16/MACROH2A2/ZWILCH/TP53BP1/H4C1	92
GO:0071479	cellular response to ionizing radiation	58/9141	73/16283	0.7945205479452054	1.4152913337919024	4.023125660974495	2.505106981329596e-5	0.008068931312174468	0.007662851392480236	EGR1/SFRP1/IFI16/RHOB/CRYAB/TREX1/GADD45A/CHEK2/BRCA2/CDKN1A/H2AJ/KDM4D/TANK/RHNO1/SNAI2/KDM1A/RAD51AP1/BARD1/TLK2/BABAM2/BRCA1/BCL2L1/RAD51/ECT2/RPL26/ITGB6/SIRT1/GATA3/YAP1/TNKS1BP1/INTS7/HRAS/LIG4/NIPBL/GTF2H5/MDM2/TP53/FBXO4/BRCC3/BLM/GRB2/ELK1/SWI5/XRCC5/ATR/MAP3K20/FIGNL1/HSF1/H2AX/WRN/RAD1/ZMPSTE24/HUS1/TMEM109/TP53BP1/TGFB1/XRCC6/NET1	58
GO:0006261	DNA-templated DNA replication	115/9141	160/16283	0.71875	1.2803201236188602	4.031179595428173	2.751417370617115e-5	0.008068931312174468	0.007662851392480236	NYNRIN/FAM111A/SAMHD1/BRCA2/GMNN/DBF4B/CHTF8/SSBP1/DBF4/ASF1A/POLD4/RBBP8/NBN/POLQ/BCL6/RRM2B/BARD1/POLD3/POLB/WDHD1/BRCA1/PRIM2/ORC3/RAD51/PRIMPOL/E2F7/CDC6/MCMBP/RFWD3/RFC2/EME1/POLE4/RECQL/TIPIN/RTF2/EXO1/CAMSAP3/SMARCAL1/CENPS/CDK2AP1/MCM10/NOC3L/CDK9/ZPR1/TK1/CENPX/ORC4/RFC3/TERF2/HELB/ETAA1/CDT1/BOD1L1/KAT7/MCM2/RFC4/DYNLL1/TRAIP/ORC6/MUS81/CIZ1/GINS3/METTL4/BAZ1A/PRIM1/CDC7/DONSON/FBXO5/CDC34/RECQL5/CCNE2/MCM5/RAD50/BLM/WIZ/CDK2/MMS22L/RFC1/HMGA1/GINS2/MGME1/ZNF830/CHRAC1/TICRR/TERF1/FEN1/ATR/REV3L/POLRMT/CARM1/ZRANB3/RFC5/ZNF365/POLA1/DSCC1/WRN/CCNE1/GEN1/FANCM/ZMPSTE24/ORC1/RPA1/WRNIP1/CDC45/MCM8/ATRX/TOPBP1/ORC2/FBH1/TIMELESS/RRM1/POLD2/DNAJA3/MCM3/ATAD5	115
GO:0051310	metaphase chromosome alignment	76/9141	100/16283	0.76	1.3537993654961165	4.014840896726153	2.792232106205367e-5	0.008068931312174468	0.007662851392480236	CHMP5/CENPQ/TEX14/CHMP4B/CHMP4A/CHMP4C/AURKC/SKA1/CDK1/TTK/CHMP2B/NDC80/MAP1S/KIF18A/SKA3/DSN1/ABRAXAS2/RB1/CHMP2A/ECT2/NUDC/SIRT1/BECN1/KAT2B/CDCA8/BOD1/MIS12/CENPE/KIF2C/KAT5/MLH1/PIBF1/KNSTRN/SPC25/NUF2/CHMP1B/SGO1/CHMP3/SPAG5/CDT1/SPC24/NSL1/AURKB/SKA2/ZWINT/VPS4B/NEK2/CHMP7/PINX1/PMF1/RAB11A/KIF14/SIRT2/DCTN2/KNL1/CDCA5/RACGAP1/SPDL1/RMDN1/MAPRE1/MAD1L1/KNTC1/EML4/CHAMP1/BUB3/HNRNPU/ZW10/CDC23/CHMP6/SEH1L/CENPC/CDC42/ABRAXAS1/ZWILCH/RRS1/APC	76
GO:0000077	DNA damage checkpoint signaling	95/9141	129/16283	0.7364341085271318	1.311821090597012	4.022546829787928	2.797164112413276e-5	0.008068931312174468	0.007662851392480236	PARP9/DTX3L/PML/FBXO6/TREX1/RPS27L/TAOK3/CHEK2/PLK3/BRCA2/CDKN1A/SYF2/NEK11/RHNO1/RPA2/CDC14B/DTL/CDK1/NBN/BARD1/BRIP1/ERCC6/FOXO4/USP28/CRADD/BABAM2/BRCA1/XPC/RAD51/E2F7/ATF2/FZR1/RPL26/CLSPN/RFWD3/MUC1/EME1/CDKN1B/GIGYF2/WAC/TIPIN/UIMC1/STK38/LYN/CDC5L/BABAM1/PLK2/SDE2/TIPRL/TRIAP1/UFL1/INTS7/RBM38/FEM1B/CCNG1/ETAA1/RAD17/MDC1/MSH2/MDM2/MUS81/IER3/TP53/FBXO4/EIF2AK4/BRCC3/DONSON/CHEK1/BLM/CDK2/PPP1R10/RINT1/ZNF830/CCND1/TICRR/TTI1/ATR/MBTPS2/E2F1/MAP3K20/BRD4/NOP53/TTI2/H2AX/CASP2/RAD1/FOXN3/WDR76/TOPBP1/HUS1/RNASEH2B/ABRAXAS1/BRSK1/TP53BP1/TAOK1	95
GO:0016579	protein deubiquitination	72/9141	94/16283	0.7659574468085106	1.3644114545873514	4.008544800622381	2.84265902009636e-5	0.008068931312174468	0.007662851392480236	TRIM21/USP18/TNFAIP3/UCHL1/OTUD1/USP51/TNIP1/STAMBPL1/YOD1/USP43/TANK/USP54/USP25/UCHL3/USP1/CYLD/OTUD7A/CDK1/ZC3H12A/USP53/ITCH/VCPIP1/USP28/USP15/USP50/BABAM2/USP33/MINDY3/OTUD4/USP37/OTUD7B/ABRAXAS2/OTUD3/USP32/STAMBP/USP16/USP4/USP29/JOSD1/JOSD2/PSMD14/SENP8/OTUB1/USP47/USP10/USP2/PARK7/UCHL5/ZRANB1/USP38/USP27X/USP11/USP39/USP8/OTUD5/BRCC3/UBXN1/BAP1/USP9Y/PRKN/USP14/USP12/USP42/NOP53/ATXN3/OTUB2/USP30/USP3/OTUD6B/USP36/SPATA2/SHMT2	72
GO:0016241	regulation of macroautophagy	134/9141	190/16283	0.7052631578947368	1.2562958100864237	4.020134728210188	2.9293785654536148e-5	0.008068931312174468	0.007662851392480236	UCHL1/OPTN/HMOX1/STING1/NUPR1/SESN2/HK2/FEZ2/TOMM7/SESN3/RIPK2/MOAP1/TOM1/ATP6V1G1/ATP6V1E1/CALCOCO2/BNIP3L/SNX7/WIPI1/RUBCN/SCOC/DDRGK1/C9orf72/RALB/EXOC1/ERN1/ATP6V1D/SNX4/CAPNS1/ATP5IF1/HIF1A/CAPN1/SMCR8/GBA1/ATP6V0E1/RHEB/PIP4K2C/SNX6/FYCO1/MAPK3/PINK1/NEDD4/SLC25A4/SH3GLB1/NPC1/SCFD1/GAPDH/MTM1/FBXO7/SIRT1/UVRAG/GNAI3/NOD2/BECN1/ATG2A/FBXW7/ADRB2/ATG14/PRKAA2/CASP3/WAC/EPM2A/AMBRA1/VPS26A/FKBP8/IKBKG/ULK1/PIK3CA/SEC22B/CDC37/KAT5/PIP4K2A/ATP6V0B/ATP6V0E2/HDAC6/UFL1/ATG5/RAB3GAP2/VPS35/UBQLN1/EIF2AK1/BAG3/UBE2A/TSC1/ATP6V0D1/STUB1/CDK5/RNF41/ATP6V0C/TBK1/DNM1L/NOD1/ATG12/TP53/SNX32/VPS13C/AKT1/ATP6V1C1/ATP6V1H/PIK3C3/POLDIP2/CLEC16A/PRKACA/UBQLN2/PRKN/HTRA2/EXOC4/SUPT5H/RAB3GAP1/LRSAM1/GPSM1/EXOC8/SESN1/TSPO/TBC1D25/ELAPOR1/PARL/CTTN/EXOC7/SNX30/PAFAH1B2/RNF31/GSK3A/HSPB8/SNX18/USP30/ATP6V1C2/ATP6V1A/VDAC1/TECPR1/SPTLC1/USP36/WDR45/MAP3K7	134
GO:0072331	signal transduction by p53 class mediator	127/9141	179/16283	0.7094972067039106	1.263837984548712	4.015482726625074	2.978198072899041e-5	0.008068931312174468	0.007662851392480236	IFI16/PMAIP1/SP100/ANKRD1/PML/NUPR1/SESN2/POU4F2/RPS27L/PYCARD/CHEK2/PLK3/SHISA5/BRCA2/CDKN1A/YJU2/PYHIN1/RPL11/ZNF385A/NDRG1/SNW1/SGK1/HIPK4/CDKN2A/POU4F1/RFFL/ING2/SNAI2/KDM1A/MLF1/SPRED2/TOPORS/NBN/RRM2B/SNAI1/USP28/EEF1E1/RPS15/USP15/CRADD/BCL3/MYO6/FOXO3/E2F7/HINT1/AARS1/RPL26/PHLDA3/SIRT1/MARCHF7/MUC1/CDKN1B/TWIST1/PIP4P1/TAF1/RRN3/DDX5/PLK2/BCL2/KAT5/TRIAP1/E2F2/ARMC10/DYRK1A/TRIM24/USP10/DDIT4/MIF/USP2/RPL37/RBM38/PSMD10/COPS3/CD74/ZNF385B/RPS20/MSH2/MDM2/EP300/TAF9/KAT6A/TAF9B/AURKB/JMY/TP53/PTTG1IP/NUAK1/RNF34/PDK2/AURKA/DYRK3/CHEK1/RPS7/PPP1R13B/FOXM1/PERP/EIF5A/KMT5A/AKT1/UBB/PPM1D/MSX1/SPRED1/TP53BP2/PRKN/ZNHIT1/URI1/ING4/ATR/E2F1/CD44/PRMT5/NOP53/MDM4/BOK/MAP2K6/DYRK2/CASP2/AEN/HIPK1/ZMPSTE24/ATRX/TMEM109/RRS1/CASP6/ATAD5/PRMT6	127
GO:0045071	negative regulation of viral genome replication	44/9141	53/16283	0.8301886792452831	1.4788275094793724	3.9500134558147613	3.1937499057237344e-5	0.008373806204426617	0.007952383041993938	RSAD2/IFNB1/OAS2/IFIT1/ISG15/CCL5/OASL/IFIH1/ISG20/SHFL/IFITM1/OAS1/IFI16/OAS3/PLSCR1/IFIT5/ZC3HAV1/IFITM3/ZNFX1/IFITM2/BST2/FAM111A/APOBEC3B/TNIP1/RNASEL/APOBEC3C/TRIM6/N4BP1/APOBEC3H/EIF2AK2/SRPK2/MX1/HMGA2/APOBEC3G/RESF1/TASOR/BANF1/APOBEC3A/SRPK1/MPHOSPH8/SLPI/PROX1/INPP5K/SETDB1	44
GO:0006354	DNA-templated transcription elongation	98/9141	134/16283	0.7313432835820896	1.3027527279911566	3.9811491998299653	3.3845154313702535e-5	0.008555023656013707	0.008124480479375844	INTS12/LARP7/LEO1/CCNK/MED21/SIRT6/IWS1/MED30/EAPP/GTF2F2/ZMYND8/ERCC6/RNF168/USP15/MED18/MED19/POLR2M/CTNNB1/POLR1F/MED8/MED6/NELFE/GTF2F1/MED4/PAF1/MED7/EZH2/POLR2I/SUPT4H1/ELOF1/MED11/EAF1/MED25/MED31/ELL2/TCEA1/CDK9/INTS7/MED24/HMGN1/AXIN1/RNF8/GTF2H5/MED10/CTDP1/MED20/KAT7/CDC73/ELOB/MED27/MED29/ELP4/SART3/CDK12/RECQL5/SCAF8/ADRM1/MED1/SKIC8/MED15/SUPT6H/MED23/EAF2/NELFB/INTS8/TSFM/INTS6/ELOA2/INTS13/SUPT5H/POLR1D/CCNT2/SHH/ENY2/ZNF326/RTF1/ELOA/POLR2E/BRD4/SETD2/INTS10/CTR9/PWWP2B/ERCC3/CCNT1/HNRNPU/SUPT16H/INTS3/INTS14/TEFM/SETD5/VHL/ZMYND11/MED14/GLYR1/NCBP2/ELL/WDR43	98
GO:0000910	cytokinesis	128/9141	181/16283	0.7071823204419889	1.2597144430321525	3.97499223821381	3.565288309051858e-5	0.008555023656013707	0.008124480479375844	RHOB/CHMP5/PLK3/TEX14/CXCR5/BRCA2/CDC14A/CHMP4B/ZFYVE26/CHMP4A/CHMP4C/AURKC/EXOC1/FMN2/SNX9/SEPTIN5/PRKCE/CDC14B/ATXN10/SPIRE1/CHMP2B/IQGAP2/PIN1/SEPTIN10/KIF20B/CFL1/CEP55/SEPTIN6/DCDC1/RHOC/ACTR3/BCL2L1/SH3GLB1/CETN2/E2F7/SEPTIN3/CHMP2A/ECT2/EXOC6/STAMBP/GIPC1/UVRAG/CDC6/EXOC5/BECN1/BIN3/KIF13A/PRPF40A/PDCD6IP/ROCK1/TRIM36/CDCA8/EXOC6B/SVIL/KIF23/ACTR2/ARF1/ARF6/ROCK2/ARL3/ORC4/ZFYVE19/RHOA/BBS4/CHMP1B/GIT1/IST1/CHMP3/MTMR3/DCTN3/CKAP2/WNK1/MITD1/CCP110/AURKB/VPS4B/NUSAP1/SEPTIN4/EXOC3/CHMP7/PDXP/CALM2/SEPTIN8/RAB11FIP4/USP8/RAB11A/KIF14/RAB11FIP3/AURKA/STMN1/MAP9/KLHDC8B/SEPTIN7/JTB/PIK3C3/DRD3/PKN2/POLDIP2/KIF3B/RACGAP1/EXOC2/EXOC4/ANK3/IQGAP1/RAB35/SETD2/EXOC8/ZNF365/CDC25B/CALM1/SPIRE2/MYH9/RTKN/CALM3/EXOC7/CHMP6/SEPTIN2/NOX5/KLHL9/KLHL13/SNX18/ANLN/CDC42/AHCTF1/CENPV/SEPTIN11/APC/IQGAP3	128
GO:0051865	protein autoubiquitination	57/9141	72/16283	0.7916666666666666	1.4102076723917878	3.9464438775998696	3.578627021462427e-5	0.008555023656013707	0.008124480479375844	TRIM21/DTX3L/RNF19B/SH3RF3/SH3RF2/SASH1/UBE2T/RNF122/RNF141/NFX1/RNF181/RNF185/OBI1/RBX1/RNF115/MARCHF5/RNF213/ITCH/TRIM68/CNOT4/BRCA1/RNF146/UBE2D3/MARCHF7/RNFT1/RNF11/SH3RF1/TAF1/RAG1/RCHY1/LTN1/TRIM58/TRIM71/RNF8/UBE2B/KLHL24/MDM2/STUB1/TRIM37/WWP2/RNF41/TRAF6/UHRF2/RNF13/RNF10/UBE2D2/RNF4/ASB4/RNF183/RNF220/RNF187/PRKN/RAD18/LRSAM1/CBL/DDB2/TRAF2	57
GO:1901797	negative regulation of signal transduction by p53 class mediator	31/9141	35/16283	0.8857142857142857	1.5777361026458498	3.8708325207412235	3.7971477849205794e-5	0.008818062055952706	0.008374281114833867	YJU2/ZNF385A/RFFL/ING2/SNAI2/KDM1A/RRM2B/SNAI1/AARS1/SIRT1/MARCHF7/MUC1/TWIST1/RRN3/BCL2/TRIAP1/ARMC10/DYRK1A/MIF/PSMD10/CD74/MDM2/TAF9/TAF9B/PTTG1IP/RNF34/DYRK3/PRKN/CD44/NOP53/ATAD5	31
GO:0071480	cellular response to gamma radiation	25/9141	27/16283	0.9259259259259259	1.6493656987038456	3.820367904041782	3.967459652054005e-5	0.008957642236637486	0.008506836733483045	EGR1/CRYAB/TREX1/CHEK2/CDKN1A/H2AJ/KDM1A/TLK2/BCL2L1/RPL26/YAP1/HRAS/GTF2H5/MDM2/TP53/ELK1/XRCC5/ATR/MAP3K20/HSF1/H2AX/WRN/ZMPSTE24/TMEM109/XRCC6	25
GO:0043516	regulation of DNA damage response, signal transduction by p53 class mediator	33/9141	38/16283	0.868421052631579	1.5469314079422383	3.8186126857658786	5.192386288440982e-5	0.011052235246756954	0.0104960165075203	PMAIP1/ANKRD1/YJU2/PYHIN1/ZNF385A/CDKN2A/SNAI2/KDM1A/SPRED2/SNAI1/EEF1E1/RPL26/SIRT1/MARCHF7/TWIST1/DDX5/DYRK1A/MIF/PSMD10/COPS3/CD74/MDM2/TP53/PTTG1IP/DYRK3/KMT5A/MSX1/SPRED1/ZNHIT1/ING4/ATR/CD44/ZMPSTE24	33
GO:0042773	ATP synthesis coupled electron transport	72/9141	95/16283	0.7578947368421053	1.3500492287495898	3.871106652181223	5.3031148452696995e-5	0.011052235246756954	0.0104960165075203	NDUFS5/NDUFA1/COX7B/NDUFC2-KCTD14/NDUFV2/NDUFB3/UQCRB/COA6/NDUFB7/COX7C/NDUFS6/UQCRH/UQCRQ/CDK1/NDUFA7/NDUFS4/COX6B1/NDUFB1/NDUFB10/NDUFA6/COX8A/PINK1/DLD/COX5A/SDHD/NDUFB6/SDHC/NDUFA8/CYCS/CHCHD2/DNAJC15/COX6C/UQCR10/NDUFB5/GHITM/COX5B/NDUFC1/NDUFB2/UQCRC1/COX4I1/NDUFA4/NDUFA12/NDUFA5/NDUFB8/SNCA/SDHB/DGUOK/UQCRFS1/NDUFA2/PARK7/COX7A2/UQCR11/NDUFB4/NDUFS2/COX7A2L/NDUFS8/AFG1L/CYC1/ISCU/NDUFA9/UQCRC2/NDUFC2/COQ9/SDHAF2/UQCC3/NDUFS7/NDUFS3/NDUFV1/NDUFAB1/NDUFAF1/SDHA/NDUFA10	72
GO:0042775	mitochondrial ATP synthesis coupled electron transport	72/9141	95/16283	0.7578947368421053	1.3500492287495898	3.871106652181223	5.3031148452696995e-5	0.011052235246756954	0.0104960165075203	NDUFS5/NDUFA1/COX7B/NDUFC2-KCTD14/NDUFV2/NDUFB3/UQCRB/COA6/NDUFB7/COX7C/NDUFS6/UQCRH/UQCRQ/CDK1/NDUFA7/NDUFS4/COX6B1/NDUFB1/NDUFB10/NDUFA6/COX8A/PINK1/DLD/COX5A/SDHD/NDUFB6/SDHC/NDUFA8/CYCS/CHCHD2/DNAJC15/COX6C/UQCR10/NDUFB5/GHITM/COX5B/NDUFC1/NDUFB2/UQCRC1/COX4I1/NDUFA4/NDUFA12/NDUFA5/NDUFB8/SNCA/SDHB/DGUOK/UQCRFS1/NDUFA2/PARK7/COX7A2/UQCR11/NDUFB4/NDUFS2/COX7A2L/NDUFS8/AFG1L/CYC1/ISCU/NDUFA9/UQCRC2/NDUFC2/COQ9/SDHAF2/UQCC3/NDUFS7/NDUFS3/NDUFV1/NDUFAB1/NDUFAF1/SDHA/NDUFA10	72
GO:0006368	transcription elongation by RNA polymerase II	87/9141	118/16283	0.7372881355932204	1.313342381781469	3.8646760537335534	5.59135845270994e-5	0.011084527196006439	0.010526683320596147	INTS12/LARP7/LEO1/CCNK/MED21/SIRT6/IWS1/MED30/EAPP/GTF2F2/ZMYND8/ERCC6/RNF168/USP15/MED18/MED19/POLR2M/CTNNB1/MED8/MED6/NELFE/GTF2F1/MED4/PAF1/MED7/EZH2/POLR2I/SUPT4H1/ELOF1/MED11/EAF1/MED25/MED31/ELL2/TCEA1/CDK9/INTS7/MED24/AXIN1/RNF8/MED10/CTDP1/MED20/CDC73/ELOB/MED27/MED29/ELP4/SART3/CDK12/RECQL5/ADRM1/MED1/SKIC8/MED15/SUPT6H/MED23/EAF2/NELFB/INTS8/INTS6/ELOA2/INTS13/SUPT5H/CCNT2/SHH/ENY2/RTF1/ELOA/BRD4/SETD2/INTS10/CTR9/PWWP2B/ERCC3/CCNT1/HNRNPU/SUPT16H/INTS3/INTS14/VHL/ZMYND11/MED14/GLYR1/NCBP2/ELL/WDR43	87
GO:0050000	chromosome localization	87/9141	118/16283	0.7372881355932204	1.313342381781469	3.8646760537335534	5.59135845270994e-5	0.011084527196006439	0.010526683320596147	CHMP5/CENPQ/TEX14/CHMP4B/CHMP4A/CHMP4C/AURKC/SKA1/FMN2/CDK1/TTK/LMNA/CHMP2B/NDC80/NDE1/MAP1S/KIF18A/ACTR3/SKA3/DSN1/ABRAXAS2/RB1/CHMP2A/ECT2/NUDC/SIRT1/BECN1/KAT2B/CDCA8/BOD1/MIS12/CENPE/KIF2C/KAT5/ACTR2/MLH1/PIBF1/KNSTRN/SPC25/NUF2/CHMP1B/SGO1/UBE2B/CHMP3/DLGAP5/SPAG5/CDT1/SPC24/NSL1/AURKB/SKA2/ZWINT/VPS4B/KATNB1/NEK2/CHMP7/NDEL1/PINX1/PMF1/RAB11A/KIF14/SIRT2/DCTN2/KNL1/TERF1/CDCA5/RACGAP1/SPDL1/RMDN1/MAPRE1/MAD1L1/KNTC1/EML4/CHAMP1/BUB3/HNRNPU/ZW10/CDC23/CHMP6/SEH1L/CENPC/CDC42/ABRAXAS1/ZWILCH/RRS1/KASH5/APC	87
GO:0051494	negative regulation of cytoskeleton organization	112/9141	157/16283	0.7133757961783439	1.2707469739822748	3.8564785189132946	5.916900085967921e-5	0.011450610452082682	0.01087434293995057	TMEFF2/MAP2/BMERB1/HIP1R/NAV3/EPS8/CAPG/MYADM/PRKCD/GAS2L2/LMOD2/SHANK1/SCIN/PLEKHH2/ARHGAP6/DMTN/PHLDB2/MKKS/CAPZA2/ADD2/PFN2/NUBP1/F11R/CARMIL2/TMSB10/TRIOBP/BRCA1/LIMA1/MID1/CAPZA1/ADD3/GMFB/TWF1/WASF2/TTBK2/CORO1B/ARHGEF18/PFN1/TUBB4A/KAT2B/EML2/SWAP70/WASHC2C/TMOD3/ATXN7/PIK3CA/SVIL/SNCA/CRACD/FLII/TMOD1/HDAC6/DYRK1A/CARMIL1/TMSB15B/TWF2/MID1IP1/BBS4/TACSTD2/CTNNA2/MAP1B/SPTBN4/CIB1/CKAP2/SHANK3/CAPZB/DLC1/TRIM37/PIK3R1/ARAP1/KATNB1/TJP1/SPEF1/SSH1/CDK5RAP2/WDR47/STMN1/RHPN2/CLASP2/CAV3/ADD1/ARHGEF2/NPM1/FGF13/PRKN/RDX/MDM1/DIAPH3/SSH2/PAK2/INPP5K/MET/MTPN/LMOD1/TRIM54/CYRIB/PPFIA1/KANK2/GMFG/MAPRE1/CLASP1/SSH3/CAMSAP2/ARFGEF1/TPX2/SPTBN5/VILL/ARHGAP28/TMSB4X/S1PR1/APC/TAOK1	112
GO:0051315	attachment of mitotic spindle microtubules to kinetochore	24/9141	26/16283	0.9230769230769231	1.6442907273232183	3.7195393609161225	6.576151018781068e-5	0.012147944427421026	0.011536582636536261	SKA1/CDK1/NDC80/SKA3/SIRT1/BECN1/KAT2B/CDCA8/BOD1/MIS12/CENPE/KIF2C/KAT5/NUF2/CDT1/AURKB/SKA2/RMDN1/MAPRE1/MAD1L1/CHAMP1/HNRNPU/SEH1L/CENPC	24
GO:0060333	type II interferon-mediated signaling pathway	24/9141	26/16283	0.9230769230769231	1.6442907273232183	3.7195393609161225	6.576151018781068e-5	0.012147944427421026	0.011536582636536261	PARP9/STAT1/PARP14/SP100/TXK/PPARG/IRF1/NLRC5/ARG1/JAK2/PTPN2/NR1H2/CDC37/JAK1/IFNGR1/RAF1/TP53/MED1/NR1H3/TYK2/HCK/HPX/IFNGR2/DNAJA3	24
GO:1901879	regulation of protein depolymerization	69/9141	91/16283	0.7582417582417582	1.3506673831583578	3.7949549766014474	7.369670096620162e-5	0.013311261898961929	0.012641354577430562	BMERB1/NAV3/EPS8/CAPG/GAS2L2/LMOD2/SCIN/PLEKHH2/DMTN/SH3BP1/CFL2/CAPZA2/ADD2/DSTN/CARMIL2/TRIOBP/MAP1A/LIMA1/MID1/MAP1S/CAPZA1/ADD3/TWF1/TTBK2/SEMA5A/SWAP70/WASHC2C/TMOD3/ATXN7/PIK3CA/SVIL/CRACD/FLII/TMOD1/WDR1/HDAC6/CARMIL1/TWF2/MID1IP1/MAP1B/NES/SPTBN4/CIB1/CKAP2/AURKB/CAPZB/KIF21A/KATNB1/PDXP/ACTN2/SPEF1/WDR47/CLASP2/ADD1/ARHGEF2/FGF13/RDX/DIAPH3/MTPN/LMOD1/TRIM54/CLASP1/CAMSAP2/TPX2/SPTBN5/VILL/ASPH/APC/TAOK1	69
GO:0010508	positive regulation of autophagy	116/9141	164/16283	0.7073170731707317	1.2599544800830351	3.785218810523757	8.025338353236421e-5	0.014180423942414267	0.013466774861391917	TRIM22/IFNB1/TRIM21/TRIM34/OPTN/TRIM38/HMOX1/STING1/TRIM5/SESN2/SQSTM1/HK2/PLK3/DAPK1/TOMM7/SESN3/RIPK2/MOAP1/TOM1/CALCOCO2/BNIP3L/TRIM6/SNX7/WIPI1/PLEKHF1/SCOC/DDRGK1/C9orf72/RALB/FOXO1/ATG101/TICAM1/SNX4/ATP5IF1/HIF1A/SMCR8/GBA1/ZC3H12A/PIP4K2C/FLCN/TRIM68/FYCO1/MAPK3/PINK1/SLC25A4/XBP1/SH3GLB1/FOXO3/DHRSX/FBXO7/SIRT1/UVRAG/GNAI3/MID2/NOD2/BECN1/ATG2A/BAD/ADRB2/PRKAA2/WAC/EPM2A/AMBRA1/SH3BP4/ROCK1/IKBKG/ULK1/PLK2/CDC37/TRIM58/PIK3C2A/KAT5/PIP4K2A/ATG13/UFL1/SVIP/RAB3GAP2/PARK7/EIF2AK1/BAG3/TFEB/UBE2A/ATG16L1/STUB1/DEPDC5/TBK1/NOD1/PRKAA1/TRIM8/PIK3CB/HMGB1/TMEM59/CDK16/PRKN/UBR4/SUPT5H/RAB3GAP1/LRSAM1/RB1CC1/GPSM1/SETD2/SESN1/ELAPOR1/MEFV/SNX30/PAFAH1B2/RNF31/GSK3A/HSPB8/SNX18/NPRL3/VDAC1/TRIM23/SPTLC1/WDR45/MAP3K7	116
GO:1902904	negative regulation of supramolecular fiber organization	114/9141	161/16283	0.7080745341614907	1.2613037566734004	3.769553745982557	8.56437449361628e-5	0.01481090125193896	0.014065522544611015	TMEFF2/MAP2/BMERB1/CRYAB/HIP1R/NAV3/EPS8/CAPG/MYADM/PRKCD/GAS2L2/LMOD2/PFDN4/SHANK1/SCIN/PLEKHH2/ARHGAP6/DMTN/PHLDB2/PFDN2/MKKS/CAPZA2/ADD2/PFDN6/PFN2/PFDN1/F11R/CARMIL2/TMSB10/LDLR/TRIOBP/LIMA1/MID1/CAPZA1/ADD3/GMFB/TWF1/WASF2/TTBK2/CORO1B/ARHGEF18/PFN1/TUBB4A/EML2/SWAP70/VBP1/WASHC2C/PFDN5/TMOD3/ATXN7/PIK3CA/SVIL/SNCA/CRACD/FLII/TMOD1/HDAC6/DYRK1A/CARMIL1/TMSB15B/TWF2/MID1IP1/IAPP/BBS4/TACSTD2/CTNNA2/MAP1B/SPTBN4/CIB1/CKAP2/SHANK3/CAPZB/DLC1/PIK3R1/ARAP1/KATNB1/TJP1/SPEF1/SSH1/WDR47/STMN1/RHPN2/CLASP2/CAV3/ADD1/ARHGEF2/FGF13/PRKN/RDX/DIAPH3/SSH2/PAK2/INPP5K/MET/MTPN/LMOD1/TRIM54/CYRIB/PPFIA1/KANK2/GMFG/MAPRE1/CLASP1/SSH3/CAMSAP2/ARFGEF1/TPX2/SPTBN5/VILL/ARHGAP28/TMSB4X/S1PR1/APC/TAOK1	114
GO:0022904	respiratory electron transport chain	87/9141	119/16283	0.7310924369747899	1.3023058911782632	3.7444365613433	9.373132619044054e-5	0.015643678291284886	0.014856388949180491	NDUFS5/NDUFA1/COX7B/NDUFC2-KCTD14/NDUFV2/VPS54/NDUFB3/ETFRF1/UQCRB/COA6/NDUFB7/COX7C/SCO2/NDUFS6/UQCRH/UQCRQ/GBA1/CDK1/NDUFA7/NDUFS4/ETFB/COX6B1/NDUFB1/IMMP2L/NDUFB10/NDUFA6/COX8A/MDH1/PINK1/DLD/COX5A/SDHD/NDUFB6/SDHC/NDUFA8/CYCS/CHCHD2/DNAJC15/COX6C/UQCR10/NDUFB5/GHITM/COX5B/NDUFC1/PPARGC1A/NDUFB2/UQCRC1/COX4I1/ETFA/NDUFA4/NDUFA12/NDUFA5/NDUFB8/SNCA/GPD2/SDHB/DGUOK/UQCRFS1/NDUFA2/PARK7/COX7A2/MDH2/UQCR11/NDUFB4/NDUFS2/COX7A2L/AIFM2/NDUFS8/AFG1L/CYC1/ISCU/NDUFA9/UQCRC2/SLC25A12/NDUFC2/COQ9/SDHAF2/UQCC3/HCCS/NDUFS7/NDUFS3/PUM2/NDUFV1/NDUFAB1/NDUFAF1/SDHA/NDUFA10	87
GO:0042776	proton motive force-driven mitochondrial ATP synthesis	52/9141	66/16283	0.7878787878787878	1.4034602672607266	3.7155943005886343	9.94971268114127e-5	0.015643678291284886	0.014856388949180491	NDUFS5/NDUFA1/NDUFV2/NDUFB3/ATP5ME/ATP5PD/NDUFB7/NDUFS6/ATP5IF1/NDUFA7/NDUFS4/NDUFB1/NDUFB10/NDUFA6/ATP5PF/SDHD/ATP5F1C/NDUFB6/SDHC/NDUFA8/ATP5PO/NDUFB5/NDUFA13/NDUFC1/NDUFB11/NDUFB2/ATP5F1B/ATP5MG/NDUFA12/NDUFA5/NDUFB8/ATP5F1E/SDHB/ATP5MF/NDUFA2/ATP5PB/NDUFB4/NDUFS2/NDUFS8/NDUFA9/NDUFC2/STOML2/ATP5F1D/DNAJC30/NDUFS7/ATP5F1A/NDUFS3/NDUFV1/NDUFAB1/NDUFA11/SDHA/NDUFA10	52
GO:0044774	mitotic DNA integrity checkpoint signaling	68/9141	90/16283	0.7555555555555555	1.345882410142338	3.722432917807385	1.006017321133749e-4	0.015643678291284886	0.014856388949180491	PML/TREX1/RPS27L/TAOK3/CHEK2/PLK3/CDKN1A/SYF2/NEK11/RPA2/CDC14B/DTL/CDK1/NBN/FOXO4/CRADD/BABAM2/BRCA1/XPC/E2F7/ATF2/FZR1/RPL26/CLSPN/CDC6/RFWD3/MUC1/EME1/CDKN1B/GIGYF2/WAC/TIPIN/UIMC1/BABAM1/PLK2/SDE2/TRIAP1/NAE1/RBM38/CCNG1/RAD17/MDC1/MSH2/MDM2/MUS81/IER3/TP53/BRCC3/DONSON/CHEK1/BLM/CDK2/PPP1R10/RINT1/ZNF830/CCND1/TICRR/MBTPS2/MAP3K20/NOP53/CASP2/FOXN3/ORC1/TOPBP1/HUS1/ABRAXAS1/BRSK1/TAOK1	68
GO:0002181	cytoplasmic translation	115/9141	163/16283	0.7055214723926381	1.2567559495645253	3.7271133951358517	1.0224304099441707e-4	0.015643678291284886	0.014856388949180491	NMNAT2/RPS27/RPL11/RPL26L1/CPEB3/ZNF385A/ZC3H15/EIF2S2/FMR1/CPEB4/GTPBP1/RPS26/RPL36/RPL27/YBX1/RPL35/NCK1/RPS27A/PIWIL2/RPL36A/RPS15/RPL22L1/PAIP1/RWDD1/RPS24/RPL38/RPL12/AARS1/RPL24/RPL26/RPS12/RPLP2/UNK/DRG1/RPS17/RPL19/RPS11/RPL41/RPL31/YBX3/EIF3I/RPL39/RPL34/RPS23/FTSJ1/PKM/RPL28/RPL27A/RPL37/DHX29/RPS15A/SH3BGRL/RPL17/EIF3J/CNBP/RPS20/FAU/CPEB2/ALKBH3/EIF3C/UBA52/EIF3M/HNRNPD/EIF2B3/EIF3G/NEMF/RPL7/DENR/EIF3H/RPL30/RPL6/EIF3K/EIF5/RPS25/RPL37A/RPS7/IGF2BP1/RPL14/RPL8/SARS1/RPL29/RPL21/RPL32/RPS19/RPS10/RPSA/RPS21/EIF2B1/MIF4GD/EIF4A2/RPLP1/RPL35A/EIF2B2/RPL23A/IMPACT/HNRNPU/EIF3D/AKT2/MCTS1/RPL10A/RPS8/RPS14/RPS2/RPS16/RPL18/RPS29/ETF1/PARP16/RPS13/SYNCRIP/RPS5/NCBP2/DHX36/RPS3A/YTHDF2	115
GO:0019646	aerobic electron transport chain	66/9141	87/16283	0.7586206896551724	1.3513423793518402	3.7172955097268856	1.0247639763543939e-4	0.015643678291284886	0.014856388949180491	NDUFS5/NDUFA1/COX7B/NDUFC2-KCTD14/NDUFV2/NDUFB3/UQCRB/NDUFB7/COX7C/NDUFS6/UQCRH/UQCRQ/NDUFA7/NDUFS4/COX6B1/NDUFB1/NDUFB10/NDUFA6/COX8A/PINK1/DLD/COX5A/SDHD/NDUFB6/SDHC/NDUFA8/CYCS/DNAJC15/COX6C/UQCR10/NDUFB5/COX5B/NDUFC1/NDUFB2/UQCRC1/COX4I1/NDUFA4/NDUFA5/NDUFB8/SNCA/SDHB/UQCRFS1/NDUFA2/PARK7/COX7A2/UQCR11/NDUFB4/NDUFS2/COX7A2L/NDUFS8/AFG1L/CYC1/ISCU/NDUFA9/UQCRC2/NDUFC2/COQ9/SDHAF2/UQCC3/NDUFS7/NDUFS3/NDUFV1/NDUFAB1/NDUFAF1/SDHA/NDUFA10	66
GO:0000725	recombinational repair	132/9141	190/16283	0.6947368421052632	1.2375451263537909	3.726020381097661	1.0311224751741803e-4	0.015643678291284886	0.014856388949180491	EID3/USP51/SAMHD1/RMI2/PELI1/BRCA2/SFR1/KDM4D/RMI1/ZFYVE26/SHLD1/SIRT6/RHNO1/RPA2/KDM1A/RAD51AP1/SLF2/RBBP8/RNF169/YEATS4/NBN/ZMYND8/POLQ/RNF138/NSMCE2/ERCC6/HROB/SEM1/RAD51B/MAD2L2/BRCA1/RPA3/REC8/WDR48/RAD51/HELQ/EPC2/SMCHD1/SMC6/RAD54B/RFWD3/ABL1/HTATSF1/MAGEF1/SLX4/SLF1/TERF2IP/RECQL/PSMD14/VPS72/NSMCE4A/RAD51C/ERCC4/HDGFL2/KAT5/ACTR2/XRCC1/MEAF6/PALB2/CGAS/DMAP1/NABP2/NIPBL/DMC1/PPP4R2/RNF8/HELB/INIP/ERCC5/EPC1/ACTB/MCM2/MUS81/MORF4L2/CREBBP/KLHL15/RIF1/PIAS4/SHLD3/CDC7/RECQL5/CHEK1/MCM5/PPP4C/RAD50/ZGRF1/BLM/RAD54L/MMS22L/KMT5A/RUVBL2/NSMCE1/GINS2/SLX1A/SWI5/UBE2N/XRCC5/ING3/RAD21/AUNIP/MRGBP/FEN1/EP400/REV3L/C1QBP/FIGNL1/SETD2/ZNF365/H2AX/WRN/PARPBP/NABP1/INTS3/GEN1/FANCM/POGZ/SMC5/RPA1/CDC45/MCM8/TOPBP1/HUS1/SHLD2/FBH1/TIMELESS/MORF4L1/POLL/KASH5/TP53BP1/MCM3/XRCC6/RAD51D	132
GO:0072332	intrinsic apoptotic signaling pathway by p53 class mediator	64/9141	84/16283	0.7619047619047619	1.3571923463620212	3.713115782858074	1.0393191778166633e-4	0.015643678291284886	0.014856388949180491	IFI16/PMAIP1/PML/NUPR1/POU4F2/RPS27L/PYCARD/CHEK2/SHISA5/BRCA2/CDKN1A/ZNF385A/SNW1/POU4F1/ING2/KDM1A/TOPORS/RRM2B/USP28/USP15/BCL3/HINT1/RPL26/PHLDA3/SIRT1/MARCHF7/MUC1/RRN3/DDX5/BCL2/TRIAP1/E2F2/ARMC10/DDIT4/MIF/CD74/ZNF385B/MSH2/MDM2/EP300/TAF9/TAF9B/JMY/TP53/PTTG1IP/PDK2/RPS7/PPP1R13B/PERP/EIF5A/UBB/MSX1/TP53BP2/PRKN/URI1/E2F1/CD44/BOK/DYRK2/AEN/HIPK1/TMEM109/CASP6/ATAD5	64
GO:0051303	establishment of chromosome localization	81/9141	110/16283	0.7363636363636363	1.3116955574782947	3.710842043563579	1.0740956759288354e-4	0.01577637777647789	0.014982410152677214	CHMP5/CENPQ/TEX14/CHMP4B/CHMP4A/CHMP4C/AURKC/SKA1/CDK1/TTK/CHMP2B/NDC80/NDE1/MAP1S/KIF18A/SKA3/DSN1/ABRAXAS2/RB1/CHMP2A/ECT2/NUDC/SIRT1/BECN1/KAT2B/CDCA8/BOD1/MIS12/CENPE/KIF2C/KAT5/MLH1/PIBF1/KNSTRN/SPC25/NUF2/CHMP1B/SGO1/UBE2B/CHMP3/SPAG5/CDT1/SPC24/NSL1/AURKB/SKA2/ZWINT/VPS4B/NEK2/CHMP7/NDEL1/PINX1/PMF1/RAB11A/KIF14/SIRT2/DCTN2/KNL1/TERF1/CDCA5/RACGAP1/SPDL1/RMDN1/MAPRE1/MAD1L1/KNTC1/EML4/CHAMP1/BUB3/HNRNPU/ZW10/CDC23/CHMP6/SEH1L/CENPC/CDC42/ABRAXAS1/ZWILCH/RRS1/KASH5/APC	81
GO:1903241	U2-type prespliceosome assembly	23/9141	25/16283	0.92	1.638809758232141	3.6161696185677785	1.086955161765209e-4	0.01577637777647789	0.014982410152677214	SNRPE/RBMX2/SNRPA1/SF3B6/SF3B2/SNRPB2/SNRPG/PHF5A/SNRPD2/HTATSF1/SNRPF/SF3B5/SF3B4/BUD13/SNRPD1/SNIP1/SF3A2/SF3A3/SF3B1/DDX42/DDX46/SF3A1/SNRPB	23
GO:0140053	mitochondrial gene expression	118/9141	168/16283	0.7023809523809523	1.2511616943024884	3.701976834408344	1.1350341783320564e-4	0.01618518912540869	0.015370647515621368	PNPT1/MRPL40/TFB1M/MRPS31/MRPL1/MRPS18C/GADD45GIP1/MRPL41/MRPS18A/MRPL49/MTIF3/AURKAIP1/MRPS24/MRPL27/CHCHD10/TACO1/MRPL54/MRPL58/MRPL28/MRPL33/MRPL22/MRPS33/MRPL16/KANSL3/MALSU1/MRPL32/FOXO3/GATB/MRPL18/MRPL44/MRPL11/MRPL17/MRPL39/MRPL47/MRPL51/MRPS15/MRPS10/MRPL9/MRPL57/MRPL10/MRPL23/MRPL15/CHCHD1/MRPL50/MRPS21/MRPL12/MRPS35/TARS2/MRPL13/TRMT10C/MPV17L2/MRPL14/COA3/GARS1/MRPS28/MRPS26/QRSL1/ALKBH1/MTERF3/MRPS9/MRPL46/MRPS22/GFM2/RPUSD3/MRPL53/MTRES1/MRPL37/MRPL3/METTL4/CDK5RAP1/PRKAA1/HSD17B10/NGRN/MRPS17/SUPV3L1/MRPS23/MRPL34/KANSL1/MRPS12/MRPL35/MRPS7/RCC1L/MRPL24/MRPS34/MTERF2/MRPS2/MRPL2/ANGEL2/MRPL55/MTRF1L/MTIF2/MRPS11/TSFM/MTERF1/MRPL45/FASTKD2/C1QBP/MRPL43/POLRMT/NSUN3/MRPL19/SARS2/DAP3/LRPPRC/MRPL20/TRMT5/MRPL48/TEFM/UQCC2/AARS2/THAP11/MRPL21/HARS1/SHMT2/MRPL4/TUFM/YARS2/MTPAP	118
GO:0007032	endosome organization	73/9141	98/16283	0.7448979591836735	1.3268978743450122	3.6720584824927056	1.253423843275791e-4	0.01756522241059591	0.016681228752706667	RILP/CHMP5/SQSTM1/WASHC4/PI4K2B/VPS37D/TOM1/SNX10/CHMP4B/UBAP1/AKTIP/CHMP4A/CHMP4C/PLEKHF1/ATP6V1F/ATP6V1D/MVB12B/VPS37A/PI4K2A/VPS11/CHMP2B/STAM2/USP50/PLEKHF2/SCARB2/VTA1/RAB5B/ALS2/CHMP2A/RAB7A/VPS37C/RNASEK/EEA1/VPS33B/SNX3/LAMTOR1/PDCD6IP/STAM/HOOK2/VPS18/ATP6V0B/DNAJC13/TMCC1/SNF8/CHMP1B/TSG101/IST1/CHMP3/SYNJ1/MVB12A/ATP6V0C/VPS4B/CHMP7/USP8/RAB11A/VPS37B/ATP6V1H/VTI1A/CORO1C/VAMP4/CC2D1A/PRKN/TMEM9/UBR4/ANXA8L1/EXOC8/CHMP6/ARFGEF2/HOOK1/RAB27A/ATP6V1A/PLEKHA3/TMEM127	73
GO:0007080	mitotic metaphase chromosome alignment	49/9141	62/16283	0.7903225806451613	1.4078134318614113	3.6396478421440923	1.3684261341500296e-4	0.01885180952266346	0.017903066622162653	CHMP5/CHMP4B/CHMP4A/CHMP4C/SKA1/CDK1/TTK/CHMP2B/NDC80/KIF18A/SKA3/CHMP2A/NUDC/SIRT1/BECN1/KAT2B/CDCA8/BOD1/MIS12/CENPE/KIF2C/KAT5/PIBF1/NUF2/CHMP1B/CHMP3/CDT1/AURKB/SKA2/VPS4B/CHMP7/PINX1/RAB11A/KIF14/DCTN2/CDCA5/SPDL1/RMDN1/MAPRE1/MAD1L1/EML4/CHAMP1/HNRNPU/ZW10/CDC23/CHMP6/SEH1L/CENPC/RRS1	49
GO:0044773	mitotic DNA damage checkpoint signaling	65/9141	86/16283	0.7558139534883721	1.3463426982443016	3.643164465940503	1.399909416353676e-4	0.01896410622687113	0.01800971184231843	PML/TREX1/RPS27L/TAOK3/CHEK2/PLK3/CDKN1A/SYF2/NEK11/RPA2/CDC14B/DTL/CDK1/NBN/FOXO4/CRADD/BABAM2/BRCA1/XPC/E2F7/ATF2/FZR1/RPL26/CLSPN/RFWD3/MUC1/EME1/CDKN1B/GIGYF2/WAC/TIPIN/UIMC1/BABAM1/PLK2/SDE2/TRIAP1/RBM38/CCNG1/RAD17/MDC1/MSH2/MDM2/MUS81/IER3/TP53/BRCC3/DONSON/CHEK1/BLM/CDK2/PPP1R10/RINT1/ZNF830/CCND1/TICRR/MBTPS2/MAP3K20/NOP53/CASP2/FOXN3/TOPBP1/HUS1/ABRAXAS1/BRSK1/TAOK1	65
GO:0032231	regulation of actin filament bundle assembly	74/9141	100/16283	0.74	1.3181730664041134	3.610561136662135	1.6187114768281754e-4	0.021568667022392473	0.020483194580812786	TMEFF2/SFRP1/CCN2/RGCC/SYNPO2/SDC4/PTGER4/NRP1/MTSS1/SHANK1/ARHGAP6/ASAP3/PHLDB2/TPM1/MKKS/TESK1/ARHGEF5/PFN2/F11R/SORBS3/PAK1/ARHGEF10L/RHOC/BAG4/TGFBR1/LIMK1/WASF2/RAPGEF3/TTC8/ARHGEF18/PFN1/ABL1/EPHA1/SWAP70/ROCK1/BRAF/SMAD3/ITGB1BP1/ROCK2/CARMIL1/CCDC88A/RHOA/BBS4/TACSTD2/CD47/S100A10/SHANK3/DLC1/TSC1/PIK3R1/ARAP1/PPM1E/TJP1/FERMT2/LIMCH1/STMN1/RHPN2/CLASP2/PRKN/RDX/PAK2/INPP5K/MET/PPFIA1/CLASP1/RAC1/SYNPO2L/PXN/ARHGAP28/ACTG1/CDC42/CX3CL1/ALMS1/S1PR1	74
GO:0043244	regulation of protein-containing complex disassembly	92/9141	128/16283	0.71875	1.2803201236188602	3.602023869276527	1.692788003282237e-4	0.021796214840864137	0.02069929074648476	SHFL/BMERB1/NAV3/EPS8/CAPG/EIF5A2/GAS2L2/LMOD2/SCIN/PLEKHH2/TOM1/DMTN/CALCOCO2/SH3BP1/RUBCN/CFL2/CAPZA2/ADD2/SMCR8/DSTN/GBA1/CARMIL2/FYCO1/TRIOBP/MAP1A/LIMA1/MID1/MAP1S/CAPZA1/ADD3/TWF1/TTBK2/SEMA5A/UVRAG/SWAP70/ADRB2/WASHC2C/TMOD3/ATXN7/PIK3CA/SVIL/CRACD/OGFOD1/FLII/TMOD1/WDR1/HDAC6/CARMIL1/ATG5/TWF2/MID1IP1/MAP1B/NES/SPTBN4/CIB1/CKAP2/WNK1/SETX/AURKB/CAPZB/KIF21A/KATNB1/ATG12/PDXP/ACTN2/SPEF1/SCAF8/WDR47/CLASP2/EIF5A/ADD1/CLEC16A/ARHGEF2/FGF13/RDX/DIAPH3/MTPN/LMOD1/TRIM54/CLASP1/TBC1D25/INSR/CAMSAP2/ZMPSTE24/TPX2/SPTBN5/VILL/ASPH/ETF1/TECPR1/APC/TAOK1	92
GO:0045116	protein neddylation	25/9141	28/16283	0.8928571428571429	1.5904597808929941	3.5376646059833288	1.7134964125113553e-4	0.021796214840864137	0.02069929074648476	AKTIP/RPL11/UBE2F/CDKN2A/COPS9/HIF1A/RBX1/COPS2/UBA3/NEDD8/COPS8/RNF7/DCUN1D1/COPS4/COPS6/NAE1/COPS3/COPS7A/UBE2M/COPS7B/EPAS1/DCUN1D4/COPS5/DCUN1D3/GPS1	25
GO:0043518	negative regulation of DNA damage response, signal transduction by p53 class mediator	15/9141	15/16283	1	1.7813149546001532	3.424881040310029	1.7246437229944265e-4	0.021796214840864137	0.02069929074648476	YJU2/SNAI2/KDM1A/SNAI1/SIRT1/MARCHF7/TWIST1/DYRK1A/MIF/PSMD10/CD74/MDM2/PTTG1IP/DYRK3/CD44	15
GO:0016239	positive regulation of macroautophagy	70/9141	94/16283	0.7446808510638298	1.3265111364043694	3.591639345314008	1.7430535982482394e-4	0.021796214840864137	0.02069929074648476	OPTN/HMOX1/STING1/SESN2/HK2/TOMM7/SESN3/RIPK2/MOAP1/TOM1/CALCOCO2/BNIP3L/SNX7/WIPI1/SCOC/DDRGK1/C9orf72/RALB/SNX4/ATP5IF1/HIF1A/SMCR8/GBA1/PIP4K2C/FYCO1/MAPK3/PINK1/SLC25A4/SH3GLB1/FBXO7/SIRT1/UVRAG/GNAI3/NOD2/BECN1/ATG2A/ADRB2/PRKAA2/WAC/EPM2A/AMBRA1/IKBKG/ULK1/CDC37/KAT5/PIP4K2A/UFL1/RAB3GAP2/EIF2AK1/BAG3/UBE2A/STUB1/TBK1/NOD1/PRKN/SUPT5H/RAB3GAP1/LRSAM1/GPSM1/SESN1/ELAPOR1/SNX30/PAFAH1B2/RNF31/HSPB8/SNX18/VDAC1/SPTLC1/WDR45/MAP3K7	70
GO:0044818	mitotic G2/M transition checkpoint	44/9141	55/16283	0.8	1.4250519636801227	3.5721663812279205	1.7918740693868908e-4	0.02206720066057068	0.020956638837024037	TAOK3/CDKN1A/SYF2/CDC14B/DTL/RBBP8/CDK1/NBN/BARD1/FOXO4/BABAM2/BRCA1/FZR1/CLSPN/CDC6/UIMC1/BABAM1/NAE1/NABP2/INIP/CCNG1/ETAA1/RAD17/IER3/BRCC3/DONSON/CHEK1/RAD50/BLM/RINT1/ZNF830/TICRR/ATR/MBTPS2/NOP53/NABP1/INTS3/FOXN3/ORC1/TOPBP1/HUS1/ABRAXAS1/BRSK1/TAOK1	44
GO:0001885	endothelial cell development	50/9141	64/16283	0.78125	1.3916523082813697	3.551562382097813	1.9930241626760594e-4	0.02352482300271768	0.02234090435647129	IL1B/TJP3/STC1/PROC/MYADM/ICAM1/PDE2A/RAPGEF1/CLDN1/MYD88/PDE4D/GPX1/FASN/AMOTL2/F11R/RAP2C/EDNRB/EZR/COL27A1/RAPGEF3/HAPLN2/VEZF1/ROCK1/CLIC4/RAP1A/CCM2/ROCK2/TJP2/AFDN/TJP1/S1PR2/VEGFA/PECAM1/MAGI1/ADD1/GSTM3/RAP1B/RDX/EDNRA/VCL/MARVELD2/HOXA13/MET/IKBKB/RAPGEF2/ZDHHC21/MSN/FOXP3/PLCB1/TNFRSF1A	50
GO:0006903	vesicle targeting	50/9141	64/16283	0.78125	1.3916523082813697	3.551562382097813	1.9930241626760594e-4	0.02352482300271768	0.02234090435647129	AP1M2/SAR1A/ARFGAP3/WIPI1/TRAPPC6B/TRAPPC13/TBC1D23/EXOC1/SEPTIN5/AP1AR/TRAPPC2B/TRAPPC5/STARD3NL/EXOC6/EXOC5/TFG/CEP19/TRAPPC1/TRIP11/EXOC6B/SNAP23/ARFGAP2/PEF1/KLHL12/FAM91A1/TMED2/TRAPPC4/TRAPPC11/EXOC3/PPP6C/TRAPPC3/CLASP2/TMED10/PDCD6/TMED9/SNAP29/GBF1/PREB/EXOC2/EXOC4/TRAPPC10/EXOC8/CLASP1/TRAPPC2L/STARD3/EXOC7/YKT6/MAP4K2/TRAPPC8/C17orf75	50
GO:0051261	protein depolymerization	86/9141	119/16283	0.7226890756302521	1.2873368579463291	3.5590263627422916	2.0081167036304335e-4	0.02352482300271768	0.02234090435647129	BMERB1/NAV3/EPS8/CAPG/GAS2L2/LMOD2/SCIN/SH3GL2/PLEKHH2/DMTN/SH3BP1/CFL2/CAPZA2/ADD2/DSTN/CARMIL2/CFL1/TRIOBP/MAP1A/LIMA1/MID1/MAP1S/KIF18A/CAPZA1/ADD3/TWF1/TTBK2/SEMA5A/SWAP70/STMN3/WASHC2C/TMOD3/ATXN7/PIK3CA/SVIL/DNAJC6/KIF2C/CRACD/FLII/TMOD1/WDR1/HDAC6/CARMIL1/TWF2/MID1IP1/MAP1B/MICAL1/NES/SPTBN4/SYNJ1/CIB1/MICAL3/CKAP2/CCSAP/AURKB/CAPZB/VPS4B/KIF21A/KATNB1/PDXP/ACTN2/SPEF1/WDR47/STMN1/CLASP2/ADD1/ARHGEF2/FGF13/RDX/DIAPH3/CLTC/PPP1R9B/CKAP5/MTPN/LMOD1/TRIM54/CLASP1/CAMSAP2/TPX2/GAK/SPTBN5/VILL/ASPH/KIF18B/APC/TAOK1	86
GO:1901880	negative regulation of protein depolymerization	56/9141	73/16283	0.7671232876712328	1.3664881843508023	3.5503462242833184	2.0284346891324235e-4	0.02352482300271768	0.02234090435647129	BMERB1/NAV3/EPS8/CAPG/GAS2L2/LMOD2/SCIN/PLEKHH2/DMTN/CAPZA2/ADD2/CARMIL2/TRIOBP/LIMA1/MID1/CAPZA1/ADD3/TWF1/TTBK2/SWAP70/WASHC2C/TMOD3/ATXN7/PIK3CA/SVIL/CRACD/FLII/TMOD1/HDAC6/CARMIL1/TWF2/MID1IP1/MAP1B/SPTBN4/CIB1/CKAP2/CAPZB/KATNB1/SPEF1/WDR47/CLASP2/ADD1/ARHGEF2/FGF13/RDX/DIAPH3/MTPN/LMOD1/TRIM54/CLASP1/CAMSAP2/TPX2/SPTBN5/VILL/APC/TAOK1	56
GO:0090148	membrane fission	37/9141	45/16283	0.8222222222222222	1.4646367404490148	3.5309725642924477	2.0618709501657987e-4	0.02352482300271768	0.02234090435647129	CHMP5/VPS37D/CHMP4B/UBAP1/CHMP4A/CHMP4C/EXOC1/MVB12B/VPS37A/CHMP2B/STAM2/SH3GLB1/CHMP2A/EXOC6/VPS37C/EXOC5/STAM/EXOC6B/SLC25A46/TMCC1/SNF8/CHMP1B/TSG101/CHMP3/MVB12A/VPS4B/DNM1L/EXOC3/CHMP7/VPS37B/CORO1C/EXOC2/EXOC4/EXOC8/EXOC7/CHMP6/DNM2	37
GO:0061572	actin filament bundle organization	112/9141	160/16283	0.7	1.2469204682201072	3.550871554750902	2.0838918014218417e-4	0.02352482300271768	0.02234090435647129	TMEFF2/SFRP1/CCN2/SORBS1/RGCC/NEDD9/SYNPO2/EPS8/FHDC1/PTK2B/SDC4/PTGER4/NRP1/MTSS1/SHANK1/ARHGAP6/DMTN/ASAP3/PHLDB2/TPM1/MKKS/FMN2/TESK1/ADD2/ARHGEF5/PFN2/SPIRE1/F11R/PLS3/SORBS3/PAK1/ARHGEF10L/RFLNA/LIMA1/EZR/RHOC/BAG4/PDLIM1/TGFBR1/ZEB2/LIMK1/SRF/WASF2/RAPGEF3/TTC8/CORO1B/ARHGEF18/PFN1/ABL1/EPHA1/SWAP70/ROCK1/BRAF/CALD1/SMAD3/LIMD2/ITGB1BP1/ROCK2/CARMIL1/CCDC88A/RHOA/BBS4/TACSTD2/MICAL1/RHOD/BAIAP2L2/PAWR/CD47/S100A10/SHANK3/DLC1/TSC1/PIK3R1/ARAP1/BAIAP2L1/HSP90B1/ACTN1/MYO1B/PPM1E/SHTN1/TJP1/PDXP/FERMT2/LIMCH1/STMN1/RHPN2/CLASP2/ZYX/ADD1/PRKN/RDX/DIAPH3/PAK2/INPP5K/MET/PPFIA1/CLASP1/SPIRE2/RAC1/SYNPO2L/TNFAIP1/PLS1/ITGB5/PXN/ARHGAP28/ACTG1/CDC42/CX3CL1/ALMS1/ESPNL/S1PR1/DNM2	112
GO:0032200	telomere organization	132/9141	192/16283	0.6875	1.2246540312876053	3.542534756131014	2.1540601368558174e-4	0.02398383670186861	0.022776817568224524	EID3/KLF4/SP100/PML/PKIB/GCH1/BRCA2/H4C14/XRN1/H4C15/POT1/STN1/SHLD1/NEK7/H3-3B/SIRT6/RPA2/H4C5/SLF2/PRKCQ/INO80C/H4C12/NBN/LMNA/NSMCE2/NOP10/H3C6/ZNF827/MAPK3/MAD2L2/TFPT/RPA3/H4C3/CTNNB1/RAD51/INO80D/TEP1/SMC6/NVL/H3C7/H3C8/HAT1/H3C4/SLX4/SLF1/TERF2IP/H3C10/TNKS2/NHP2/EZH2/EXO1/NSMCE4A/RAD51C/SMARCAL1/TINF2/ERCC4/HNRNPC/XRCC1/TNKS1BP1/HSP90AA1/UCHL5/PARP3/NABP2/TERF2/H3C2/ACD/DCP2/HNRNPA2B1/HNRNPD/PPP1CA/CCT7/AURKB/DCLRE1B/CCT8/NEK2/INO80B/TP53/RIF1/PINX1/FBXO4/SHLD3/EXOSC10/SIRT2/TEN1/CCNE2/RAD50/CCT2/BLM/CDK2/GAR1/HDAC8/RUVBL2/RFC1/NSMCE1/PPP1R10/H4C4/H4C9/SLX1A/XRCC5/SMG6/TFIP11/TERF1/H4C8/TNKS/CCT6A/FEN1/CCT5/ATR/GNL3/ZNF365/ACTR8/CCT4/DCLRE1C/WRN/H4C2/HNRNPU/CCNE1/SMC5/RPA1/H3C1/ATRX/PARN/TENT4B/HUS1/SHLD2/ERCC1/H4C16/DHX36/XRCC6/PTGES3/H4C1/RAD51D	132
GO:0051017	actin filament bundle assembly	110/9141	157/16283	0.7006369426751592	1.2480550637325911	3.5332584173407398	2.2332804134743412e-4	0.024529869190161414	0.023295370230451418	TMEFF2/SFRP1/CCN2/SORBS1/RGCC/NEDD9/SYNPO2/EPS8/FHDC1/PTK2B/SDC4/PTGER4/NRP1/MTSS1/SHANK1/ARHGAP6/DMTN/ASAP3/PHLDB2/TPM1/MKKS/FMN2/TESK1/ADD2/ARHGEF5/PFN2/SPIRE1/F11R/PLS3/SORBS3/PAK1/ARHGEF10L/LIMA1/EZR/RHOC/BAG4/PDLIM1/TGFBR1/ZEB2/LIMK1/SRF/WASF2/RAPGEF3/TTC8/CORO1B/ARHGEF18/PFN1/ABL1/EPHA1/SWAP70/ROCK1/BRAF/CALD1/SMAD3/LIMD2/ITGB1BP1/ROCK2/CARMIL1/CCDC88A/RHOA/BBS4/TACSTD2/MICAL1/RHOD/BAIAP2L2/PAWR/CD47/S100A10/SHANK3/DLC1/TSC1/PIK3R1/ARAP1/BAIAP2L1/HSP90B1/ACTN1/MYO1B/PPM1E/TJP1/PDXP/FERMT2/LIMCH1/STMN1/RHPN2/CLASP2/ZYX/ADD1/PRKN/RDX/DIAPH3/PAK2/INPP5K/MET/PPFIA1/CLASP1/SPIRE2/RAC1/SYNPO2L/TNFAIP1/PLS1/ITGB5/PXN/ARHGAP28/ACTG1/CDC42/CX3CL1/ALMS1/ESPNL/S1PR1/DNM2	110
GO:0007064	mitotic sister chromatid cohesion	27/9141	31/16283	0.8709677419354839	1.5514678636840045	3.476870027816406	2.3648437589844575e-4	0.02562860009736756	0.024338806013520037	ESCO1/ESCO2/CHTF8/SLF2/BUB1/NSMCE2/STAG2/SMC3/RB1/SLF1/BOD1/NIPBL/SGO1/PDS5A/HDAC8/HASPIN/RAD21/CDCA5/TNKS/NAA10/PDS5B/DSCC1/MACROH2A1/POGZ/SMC5/ATRX/NAA50	27
GO:0031023	microtubule organizing center organization	106/9141	151/16283	0.7019867549668874	1.2504595045537499	3.4980232430198113	2.562949187796937e-4	0.027410067103175666	0.026030618274397423	C10orf90/DEUP1/CHMP5/GADD45A/CCNL1/BRCA2/CHMP4B/CETN3/CHMP4C/TUBE1/NUBP1/CDK1/HAUS1/PLK4/CSAG1/GCC2/CHMP2B/NDC80/NDE1/STIL/BRCA1/USP33/SASS6/CTNNB1/KIF25/POC1B/MARK4/CETN2/CHMP2A/CEP152/CEP120/SIRT1/UVRAG/ARL2/PPP1R12A/KAT2B/UXT/CDK11B/PDCD6IP/SSX2IP/PARD6A/PLK2/CNTLN/ROCK2/CEP135/BBS4/CHMP1B/SGO1/CEP44/KIF15/CHMP3/GOLGA2/CEP250/NSFL1C/CEP295/PCLAF/CCP110/MCPH1/TRIM37/CENPJ/VPS4B/NEK2/NDEL1/RTTN/AURKA/CHEK1/TUBA1A/CDK5RAP2/FBXW5/PKD2/C2CD3/CLASP2/CDK2/XPO1/MAP9/KIF11/SDCCAG8/PARD6B/NPM1/CEP131/MDM1/SAC3D1/KIF3B/CDK11A/HAUS8/KIAA0753/HAUS6/CKAP5/DZIP1/CLASP1/RANBP1/CCDC102B/GEN1/HAUS4/HAUS2/KIF3A/NIN/DCTN1/ATF5/PCM1/CEP85/ALMS1/DNM2/BRSK1/HAUS7/CEP192	106
GO:1990823	response to leukemia inhibitory factor	72/9141	98/16283	0.7346938775510204	1.3087211911348064	3.467878984845761	2.868250721928028e-4	0.030276807620559752	0.028753086184413162	KLF4/FZD4/CTH/PML/ARID5B/EPS8/MSC/VEGFC/HK2/ICAM1/TEX14/NRP2/PDCD10/KLF5/SNX10/GCLM/GFPT2/RARG/SMARCA5/ADAM23/SPRY4/MTF2/NFYB/SPRY2/EEF1E1/FOSL2/PIGA/TRIM25/ABCG4/CHCHD4/NR5A2/PAX6/SBNO2/POLR1F/MYNN/SIRT1/PLA2G10/CREB1/MRPL15/MRAS/KDM3A/PTP4A3/EXT1/PRDM5/TNFSF11/RNMT/NCL/SHMT1/TLE4/PFKP/SOCS3/RIF1/CACYBP/BCLAF1/PMM1/SSTR1/XRCC5/UBXN2A/NUP35/EIF4A2/RFX2/JARID2/CACNB4/HNRNPU/MYBL2/SRM/KDM5B/PHC1/RPS16/B3GNT2/SPOCK2/PARP16	72
GO:0034314	Arp2/3 complex-mediated actin nucleation	36/9141	44/16283	0.8181818181818182	1.4574395083092162	3.437329579048466	3.0502313080924475e-4	0.031784974451506944	0.030185352472661155	HIP1R/WASHC3/WASHC4/ARPC3/AP1AR/CARMIL2/IQGAP2/WHAMM/BRK1/ACTR3/ARPC2/GMFB/ARFIP1/WASF2/ARPC1B/WASHC2A/CORO1B/WASF1/WASF3/WASHC2C/ARPC5/ARPC4/ACTR2/ARF1/CARMIL1/CTNNA2/NCKAP1/JMY/RNH1/ARPC1A/ABI2/GMFG/WASHC1/ARFIP2/FCHSD2/ARPC5L	36
GO:0000724	double-strand break repair via homologous recombination	127/9141	185/16283	0.6864864864864865	1.2228486445092943	3.4486625920096414	3.0970714832574074e-4	0.031864553184704054	0.03026092629810336	EID3/USP51/SAMHD1/RMI2/PELI1/BRCA2/SFR1/KDM4D/RMI1/ZFYVE26/SHLD1/SIRT6/RPA2/KDM1A/RAD51AP1/SLF2/RBBP8/RNF169/YEATS4/NBN/ZMYND8/POLQ/RNF138/NSMCE2/ERCC6/SEM1/RAD51B/MAD2L2/BRCA1/RPA3/REC8/WDR48/RAD51/HELQ/EPC2/SMCHD1/SMC6/RAD54B/RFWD3/ABL1/HTATSF1/MAGEF1/SLX4/SLF1/TERF2IP/RECQL/PSMD14/VPS72/NSMCE4A/RAD51C/ERCC4/HDGFL2/KAT5/ACTR2/XRCC1/MEAF6/PALB2/CGAS/DMAP1/NABP2/NIPBL/DMC1/PPP4R2/RNF8/HELB/INIP/ERCC5/EPC1/ACTB/MCM2/MUS81/MORF4L2/CREBBP/KLHL15/RIF1/PIAS4/SHLD3/CDC7/RECQL5/CHEK1/MCM5/PPP4C/RAD50/BLM/RAD54L/MMS22L/KMT5A/RUVBL2/NSMCE1/GINS2/SLX1A/SWI5/UBE2N/ING3/RAD21/AUNIP/MRGBP/FEN1/EP400/REV3L/C1QBP/FIGNL1/SETD2/ZNF365/H2AX/WRN/PARPBP/NABP1/INTS3/GEN1/FANCM/POGZ/SMC5/RPA1/CDC45/MCM8/TOPBP1/HUS1/SHLD2/FBH1/TIMELESS/MORF4L1/POLL/KASH5/TP53BP1/MCM3/RAD51D	127
GO:0009142	nucleoside triphosphate biosynthetic process	86/9141	120/16283	0.7166666666666667	1.2766090507967764	3.4406209517460757	3.1993284439207366e-4	0.03250517699023468	0.030869309841145737	CMPK2/LIPA/NDUFS5/NDUFA1/NDUFV2/NDUFB3/ATP5ME/ATP5PD/NDUFB7/ATP5MK/NDUFS6/ATP5IF1/NDUFA7/NDUFS4/ALDOA/NDUFB1/NDUFB10/NDUFA6/ATP5PF/NME5/PINK1/AK1/SDHD/ATP5F1C/NDUFB6/SDHC/PRKAG2/PID1/NDUFA8/NUDT2/ATP5PO/AK3/NDUFB5/TBPL1/NDUFA13/NDUFC1/NDUFB11/NDUFB2/ATP5F1B/ATP5MG/NME2/NDUFA12/NDUFA5/NDUFB8/ATP5F1E/NME7/SDHB/ATP5MC3/ATP5MF/NME3/NDUFA2/ATP5MJ/ATP5PB/NDUFB4/NDUFS2/NME1/ADK/NDUFS8/ATP6V0C/NDUFA9/TYMS/NDUFC2/STOML2/UQCC3/CTPS2/ATP5F1D/DNAJC30/NDUFS7/ATP5F1A/NDUFS3/CTPS1/NDUFV1/NDUFAB1/ENO1/ATP5MC1/NDUFA11/ATP5MC2/VPS9D1/TMSB4X/ATP6V1A/SDHA/UCKL1/UCK1/NDUFA10/TGFB1/DMAC2L	86
GO:0051492	regulation of stress fiber assembly	66/9141	89/16283	0.7415730337078652	1.3209751348720236	3.4350268225602476	3.25452964798949e-4	0.03265779873933158	0.031014250693576263	TMEFF2/SFRP1/CCN2/RGCC/SDC4/PTGER4/NRP1/ARHGAP6/ASAP3/PHLDB2/TPM1/MKKS/TESK1/ARHGEF5/PFN2/F11R/SORBS3/PAK1/ARHGEF10L/RHOC/BAG4/TGFBR1/LIMK1/WASF2/RAPGEF3/TTC8/ARHGEF18/PFN1/ABL1/EPHA1/ROCK1/BRAF/SMAD3/ITGB1BP1/ROCK2/CARMIL1/CCDC88A/RHOA/BBS4/TACSTD2/CD47/S100A10/DLC1/TSC1/PIK3R1/ARAP1/PPM1E/TJP1/FERMT2/LIMCH1/STMN1/RHPN2/CLASP2/PAK2/INPP5K/MET/PPFIA1/CLASP1/RAC1/SYNPO2L/PXN/ARHGAP28/ACTG1/CDC42/ALMS1/S1PR1	66
GO:0042771	intrinsic apoptotic signaling pathway in response to DNA damage by p53 class mediator	38/9141	47/16283	0.8085106382978723	1.4402120909533151	3.4191029774631074	3.319441375927148e-4	0.03290295061406812	0.031247064967488806	IFI16/PML/NUPR1/RPS27L/PYCARD/CHEK2/SHISA5/BRCA2/CDKN1A/ZNF385A/SNW1/ING2/KDM1A/TOPORS/USP28/BCL3/RPL26/PHLDA3/SIRT1/MARCHF7/MUC1/BCL2/TRIAP1/DDIT4/MIF/CD74/MSH2/EP300/TAF9/TAF9B/TP53/URI1/CD44/DYRK2/AEN/HIPK1/TMEM109/ATAD5	38
GO:0034728	nucleosome organization	91/9141	128/16283	0.7109375	1.2664036005360464	3.423201001783114	3.4217605627287023e-4	0.033508517896215534	0.031822156254267056	H1-0/NFE2/H2BC14/H2AC25/H1-4/H4C14/H1-10/H3C15/H4C15/H2BC1/CHD2/H2BC4/H1-3/ASF1A/RSF1/SMARCA5/LIN54/H3-3B/H2BC10/HMGB2/SOX9/H2BC13/H2BC11/NAP1L5/H4C5/H4C12/H1-2/H2BC21/H1-6/H3C6/H3C13/H2BC8/H4C3/ATAD2B/CHAF1B/H1-5/H2BC9/H3C7/NASP/H3C8/HAT1/H3C4/H3C10/PADI4/ASF1B/H2BC17/DNAJC9/H2BC7/ATAD2/H3C2/SMARCD1/SMARCC2/H2BC3/KAT6A/MCM2/ANP32B/KAT6B/H2BC15/DAXX/CHD1/BAZ1A/HIRA/SART3/HMGA1/H4C4/SUPT6H/SMARCD2/CHRAC1/H4C9/NAP1L4/NPM1/SPTY2D1/H4C8/SET/CABIN1/SETD2/H2AX/H4C2/NAP1L6P/MACROH2A1/SUPT16H/SMYD3/NAA60/H3C1/ATRX/H4C16/SMARCE1/MACROH2A2/ARID1A/H4C1/SSRP1	91
GO:0045069	regulation of viral genome replication	62/9141	83/16283	0.7469879518072289	1.3306208094603553	3.416272700355104	0.00034951928478587317	0.03379249016247331	0.03209183723080925	RSAD2/IFNB1/OAS2/IFIT1/ISG15/CCL5/OASL/CXCL8/IFIH1/ISG20/SHFL/IFITM1/OAS1/IFI16/OAS3/PLSCR1/IFIT5/ZC3HAV1/IFITM3/TRIM38/ZNFX1/IFITM2/BST2/FAM111A/APOBEC3B/TNIP1/RNASEL/APOBEC3C/ADAR/TRIM6/N4BP1/APOBEC3H/EIF2AK2/SRPK2/MX1/HMGA2/NR5A2/APOBEC3G/RESF1/DDX5/BCL2/PPIE/TASOR/PPIA/BANF1/CD28/STAU1/APOBEC3A/SRPK1/MPHOSPH8/SLPI/FKBP6/RAD23A/TOP2B/PKN2/PROX1/INPP5K/CNOT7/PDE12/ADARB1/TOP2A/SETDB1	62
GO:0043388	positive regulation of DNA binding	31/9141	37/16283	0.8378378378378378	1.4924530700703986	3.3926049672666907	3.5678215225232385e-4	0.03379249016247331	0.03209183723080925	H1-0/POU4F2/EGF/TXN/PLAUR/PYHIN1/TRIM6/IL32/DDRGK1/POU4F1/HES1/EDF1/DAZAP2/PAX6/CEBPG/FOXC1/RB1/IGF1/TWIST1/GTF2B/GATA3/NME1/ACD/LAMTOR5/SUMO4/TRAF6/PINX1/SIRT2/HMGB1/PRKN/NIBAN2	31
GO:0051053	negative regulation of DNA metabolic process	96/9141	136/16283	0.7058823529411765	1.2573987914824611	3.4101292653950277	3.5964772169688123e-4	0.03379249016247331	0.03209183723080925	H1-0/ANKRD1/PML/RMI2/S100A11/H1-4/CDKN1A/GMNN/H1-10/XRN1/POT1/STN1/SHLD1/H1-3/SUB1/HMGA2/RNF169/NBN/H1-2/POLQ/BCL6/H1-6/ERCC6/MAD2L2/H1-5/SMCHD1/RGN/CDC6/ABL1/TWIST1/MAGEF1/SLX4/TERF2IP/TNKS2/TIPIN/NMNAT1/CAMSAP3/TINF2/CYREN/ERCC4/OTUB1/KAT5/WAPL/MLH1/HNRNPC/XRCC1/CGAS/TTF1/PARP3/TERF2/HELB/CDT1/RAD17/ACD/MSH2/DCP2/DYNLL1/TP53/KLHL15/RIF1/PINX1/SHLD3/FBXO5/EXOSC10/RECQL5/CHEK1/TEN1/RAD50/MSH6/PDS5A/BLM/KMT5A/SLX1A/XRCC5/SMG6/TFIP11/TERF1/AUNIP/NIBAN2/TNKS/ATR/C1QBP/ZRANB3/DNAJC2/HSF1/MSH3/PARPBP/NDFIP1/HNRNPU/TENT4B/FOXP3/SHLD2/FBH1/TIMELESS/ERCC1/TP53BP1	96
GO:2001251	negative regulation of chromosome organization	73/9141	100/16283	0.73	1.300359916858112	3.408421256630126	3.61706033973324e-4	0.03379249016247331	0.03209183723080925	PML/DUSP1/TEX14/XRN1/POT1/STN1/SKA1/SMARCA5/H3-3B/SUB1/NBN/BUB1/TTK/NDC80/MAD2L2/LCMT1/SKA3/IK/SLX4/TERF2IP/DYNC1LI1/TNKS2/TINF2/ERCC4/CDCA8/TPR/WAPL/HNRNPC/XRCC1/SPC25/NUF2/ANAPC15/PARP3/TERF2/ACD/SPC24/DCP2/PSMG2/MCM2/AURKB/ZWINT/TP53/PINX1/MAD2L1BP/FBXO5/EXOSC10/MAD2L1/TEN1/RAD50/CDK5RAP2/BAZ1B/KNL1/HASPIN/SLX1A/SMG6/TERF1/RAD21/SPDL1/TNKS/NAA10/MAD1L1/KNTC1/BUB3/HNRNPU/ZW10/GEN1/ATRX/TENT4B/KLHL22/ERCC1/TOP2A/ZWILCH/APC	73
GO:0071496	cellular response to external stimulus	56/9141	74/16283	0.7567567567567568	1.3480221278055216	3.3945750390422154	3.7899127157376187e-4	0.03469524223307504	0.032949157078214275	PTGS2/CASP1/IL13/IL1B/TLR3/TNFRSF8/MAG/ITGA2/ANKRD1/IRF1/GADD45A/FGF2/CDA/PTGER4/PDE2A/KCNJ2/HABP4/MYD88/BCL10/FAS/SOX9/F11R/WNT11/CASP8/MAP3K2/TLR4/CRADD/MAPK3/SCX/BAD/NFKB1/PIEZO2/MAP3K1/CD40/GCLC/MAP2K4/FADD/BAG3/MAP3K14/BMP6/TMEM87A/TLR8/SLC38A2/TLR7/CHEK1/BAK1/CASP8AP2/TNFRSF10A/MTPN/TLR5/LTBR/CASP2/CNN2/ATP1A2/TGFB1/TNFRSF1A	56
GO:0006754	ATP biosynthetic process	71/9141	97/16283	0.7319587628865979	1.3038490904805244	3.3955868775127467	3.799060726800786e-4	0.03469524223307504	0.032949157078214275	LIPA/NDUFS5/NDUFA1/NDUFV2/NDUFB3/ATP5ME/ATP5PD/NDUFB7/ATP5MK/NDUFS6/ATP5IF1/NDUFA7/NDUFS4/ALDOA/NDUFB1/NDUFB10/NDUFA6/ATP5PF/PINK1/SDHD/ATP5F1C/NDUFB6/SDHC/PRKAG2/PID1/NDUFA8/NUDT2/ATP5PO/NDUFB5/NDUFA13/NDUFC1/NDUFB11/NDUFB2/ATP5F1B/ATP5MG/NDUFA12/NDUFA5/NDUFB8/ATP5F1E/SDHB/ATP5MC3/ATP5MF/NDUFA2/ATP5MJ/ATP5PB/NDUFB4/NDUFS2/NDUFS8/ATP6V0C/NDUFA9/NDUFC2/STOML2/UQCC3/ATP5F1D/DNAJC30/NDUFS7/ATP5F1A/NDUFS3/NDUFV1/NDUFAB1/ENO1/ATP5MC1/NDUFA11/ATP5MC2/VPS9D1/TMSB4X/ATP6V1A/SDHA/NDUFA10/TGFB1/DMAC2L	71
GO:0006334	nucleosome assembly	78/9141	108/16283	0.7222222222222222	1.2865052449889993	3.37958299903151	4.0420950209355986e-4	0.036103459703477524	0.03428650409314141	H1-0/H2BC14/H1-4/H4C14/H1-10/H3C15/H4C15/H2BC1/H2BC4/H1-3/ASF1A/RSF1/SMARCA5/H3-3B/H2BC10/HMGB2/SOX9/H2BC13/H2BC11/NAP1L5/H4C5/H4C12/H1-2/H2BC21/H1-6/H3C6/H3C13/H2BC8/H4C3/ATAD2B/CHAF1B/H1-5/H2BC9/H3C7/NASP/H3C8/HAT1/H3C4/H3C10/PADI4/ASF1B/H2BC17/DNAJC9/H2BC7/ATAD2/H3C2/H2BC3/KAT6A/MCM2/ANP32B/KAT6B/H2BC15/DAXX/BAZ1A/HIRA/SART3/H4C4/CHRAC1/H4C9/NAP1L4/NPM1/SPTY2D1/H4C8/SET/CABIN1/H2AX/H4C2/NAP1L6P/MACROH2A1/SUPT16H/SMYD3/NAA60/H3C1/ATRX/H4C16/MACROH2A2/H4C1/SSRP1	78
GO:1901796	regulation of signal transduction by p53 class mediator	78/9141	108/16283	0.7222222222222222	1.2865052449889993	3.37958299903151	4.0420950209355986e-4	0.036103459703477524	0.03428650409314141	PMAIP1/ANKRD1/PML/CHEK2/PLK3/YJU2/PYHIN1/RPL11/ZNF385A/SGK1/HIPK4/CDKN2A/RFFL/ING2/SNAI2/KDM1A/MLF1/SPRED2/RRM2B/SNAI1/EEF1E1/RPS15/USP15/AARS1/RPL26/SIRT1/MARCHF7/MUC1/TWIST1/PIP4P1/TAF1/RRN3/DDX5/BCL2/TRIAP1/ARMC10/DYRK1A/TRIM24/MIF/USP2/RPL37/PSMD10/COPS3/CD74/RPS20/MDM2/EP300/TAF9/KAT6A/TAF9B/AURKB/TP53/PTTG1IP/NUAK1/RNF34/AURKA/DYRK3/CHEK1/RPS7/EIF5A/KMT5A/AKT1/UBB/MSX1/SPRED1/PRKN/ZNHIT1/ING4/ATR/CD44/PRMT5/NOP53/MAP2K6/DYRK2/ZMPSTE24/RRS1/ATAD5/PRMT6	78
GO:0061640	cytoskeleton-dependent cytokinesis	85/9141	119/16283	0.7142857142857143	1.2723678247143952	3.3736161641412825	4.1343033831857916e-4	0.036424198193930044	0.034591100983745474	RHOB/CHMP5/CHMP4B/ZFYVE26/CHMP4A/CHMP4C/EXOC1/FMN2/SNX9/SEPTIN5/SPIRE1/CHMP2B/IQGAP2/SEPTIN10/KIF20B/CFL1/CEP55/SEPTIN6/DCDC1/RHOC/ACTR3/SEPTIN3/CHMP2A/ECT2/EXOC6/STAMBP/EXOC5/BIN3/PDCD6IP/ROCK1/TRIM36/CDCA8/EXOC6B/KIF23/ACTR2/ARF1/ARF6/ROCK2/ARL3/ORC4/RHOA/BBS4/CHMP1B/IST1/CHMP3/MTMR3/DCTN3/CKAP2/WNK1/MITD1/AURKB/VPS4B/NUSAP1/SEPTIN4/EXOC3/CHMP7/SEPTIN8/USP8/RAB11A/RAB11FIP3/STMN1/MAP9/KLHDC8B/SEPTIN7/JTB/POLDIP2/RACGAP1/EXOC2/EXOC4/ANK3/IQGAP1/RAB35/EXOC8/ZNF365/SPIRE2/RTKN/EXOC7/CHMP6/SEPTIN2/NOX5/SNX18/ANLN/SEPTIN11/APC/IQGAP3	85
GO:0060759	regulation of response to cytokine stimulus	119/9141	173/16283	0.6878612716763006	1.2252975699272732	3.370331314486809	4.1676309449255593e-4	0.036424198193930044	0.034591100983745474	IL6/ISG15/CCL5/RIGI/CARD16/USP18/IFIH1/CASP1/PARP9/OAS1/OAS3/PARP14/TNFAIP3/IL7/KLF4/STAT2/TXK/IL1RN/EDN1/PPARG/CASP4/STING1/IRAK2/TREX1/SAMHD1/PYCARD/IL1R1/NLRC5/ARG1/CSF1/RIPK2/IRF7/ADAR/SPHK1/SH2B3/ZBP1/TRIM6/SMIM30/TLE5/ECM1/IKBKE/RNF185/TRIM56/AGPAT2/TANK/RNF113A/RFFL/H2BC11/USP25/HIF1A/CYLD/AGPAT1/CASP8/TLR4/GSTP1/PTPN6/IRF3/PTPRC/PTPN2/OTUD4/SIGIRR/PELI3/ZNF675/NR1H2/RIPK1/USP29/GIGYF2/TNFRSF11B/PPP2CB/NKIRAS1/ULK1/CDC37/ADAM17/CD40/ANGPT1/GPS2/RBM47/EXT1/PIAS3/VRK2/CD74/IL6ST/FADD/MAPKAPK2/NKIRAS2/TAF9/PALM3/TRAIP/TBK1/SPPL2A/USP27X/CPNE1/CARD8/PIAS4/YTHDF3/XIAP/MED1/RABGEF1/GFI1/NR1H3/LSM14A/PRKN/CNOT7/IKBKB/HPX/CACTIN/SLIT3/HIPK1/MAP2K5/UBE2K/TRIM41/PTPN1/CXCR4/TRAF2/SPATA2/DNAJA3/IRAK1/TNFRSF1A/YTHDF2	119
GO:0140888	interferon-mediated signaling pathway	76/9141	105/16283	0.7238095238095238	1.2893327290439203	3.3648879287236655	4.274354876823175e-4	0.036959528126402935	0.03509948971079994	IFNL1/IFNB1/OAS2/ISG15/IFI27/OASL/USP18/IFIH1/IFITM1/PARP9/OAS1/STAT1/OAS3/PARP14/SP100/STAT2/IFITM3/TXK/PPARG/IFITM2/STING1/TREX1/IRF1/SAMHD1/NLRC5/ARG1/IRF7/AZI2/IL10RB/MYD88/ADAR/IFNLR1/ZBP1/TRIM6/SMIM30/IKBKE/RNF185/TRIM56/TANK/JAK2/EPG5/IFNK/PTPN6/IRF3/PTPN2/NR1H2/USP29/GIGYF2/TBKBP1/CDC37/JAK1/RBM47/IFNGR1/FADD/RAF1/TBK1/USP27X/TP53/SIN3A/YTHDF3/MED1/NR1H3/LSM14A/TYK2/CNOT7/HCK/HPX/CACTIN/CR2/UBE2K/TRIM41/PTPN1/IFNGR2/DNAJA3/IRAK1/YTHDF2	76
GO:0002832	negative regulation of response to biotic stimulus	83/9141	116/16283	0.7155172413793104	1.2745615623432132	3.357336095241375	4.397366918469286e-4	0.03762294559296669	0.03572951979294767	LGALS9/NMI/HLA-F/ISG15/DHX58/TRIM21/CARD16/USP18/HLA-E/CEACAM1/OAS1/IFI16/OAS3/PARP14/TNFAIP3/STAT2/KIR2DL4/IL4I1/CD274/SPINK5/TRIM38/PPARG/TRIB1/TREX1/HLA-B/PIM1/AHR/SERPING1/SAMHD1/DUSP10/TRAFD1/NLRC5/ARG1/SFN/SERPINB9/ADAR/KLRC1/SMIM30/ILRUN/NT5C2/PPM1B/DTX4/HLA-A/ITCH/PTPN6/USP15/PTPN2/SIGIRR/LILRB1/NR1H2/GIGYF2/NLRX1/PRDX2/ARG2/UFL1/LYAR/ATG5/BANF1/A2M/YWHAZ/AURKB/USP38/ATG12/CARD8/YTHDF3/CR1/NR1H3/HAVCR2/RPS19/CNOT7/GRN/C1QBP/CACTIN/TRAF3IP1/SUSD4/FOXP3/CRK/LILRA2/DNAJA3/TGFB1/FAM3A/ZDHHC18/YTHDF2	83
GO:0001959	regulation of cytokine-mediated signaling pathway	112/9141	162/16283	0.691358024691358	1.2315263883655378	3.3504475390582082	4.493856269557373e-4	0.03804798308225243	0.03613316669371077	IL6/ISG15/CCL5/CARD16/USP18/CASP1/PARP9/OAS1/OAS3/PARP14/TNFAIP3/IL7/STAT2/TXK/IL1RN/EDN1/PPARG/CASP4/STING1/IRAK2/TREX1/SAMHD1/PYCARD/IL1R1/NLRC5/ARG1/CSF1/RIPK2/IRF7/ADAR/SPHK1/SH2B3/ZBP1/TRIM6/SMIM30/ECM1/IKBKE/RNF185/TRIM56/AGPAT2/TANK/RNF113A/RFFL/H2BC11/USP25/HIF1A/CYLD/AGPAT1/CASP8/GSTP1/PTPN6/IRF3/PTPRC/PTPN2/OTUD4/SIGIRR/PELI3/ZNF675/NR1H2/RIPK1/USP29/GIGYF2/TNFRSF11B/PPP2CB/NKIRAS1/ULK1/CDC37/ADAM17/CD40/ANGPT1/GPS2/RBM47/EXT1/PIAS3/VRK2/CD74/IL6ST/FADD/MAPKAPK2/NKIRAS2/PALM3/TRAIP/TBK1/SPPL2A/USP27X/CPNE1/CARD8/PIAS4/YTHDF3/XIAP/MED1/RABGEF1/GFI1/NR1H3/LSM14A/PRKN/CNOT7/IKBKB/HPX/CACTIN/SLIT3/HIPK1/UBE2K/TRIM41/PTPN1/CXCR4/TRAF2/SPATA2/DNAJA3/IRAK1/TNFRSF1A/YTHDF2	112
GO:0019068	virion assembly	28/9141	33/16283	0.8484848484848485	1.5114187493577058	3.3269612295005433	4.590068442154631e-4	0.03831864476311883	0.03639020695813697	CHMP5/VPS37D/CHMP4B/CHMP4A/CHMP4C/MVB12B/VPS37A/RAB43/CHMP2B/NEDD4/CHMP2A/VPS37C/PDCD6IP/SPCS1/CHMP1B/TSG101/CHMP3/USP6NL/MVB12A/VPS4B/RAB1A/CHMP7/RAB1B/VPS37B/LRSAM1/TBC1D20/DDX6/CHMP6	28
GO:2001252	positive regulation of chromosome organization	81/9141	113/16283	0.7168141592920354	1.2768717816160389	3.341209548418918	4.6735208771993503e-4	0.03831864476311883	0.03639020695813697	KLF4/PML/PKIB/GCH1/POT1/NEK7/SKA1/SIRT6/SLF2/PRKCQ/INO80C/CDK1/SETDB2/NBN/BUB1/NSMCE2/MAPK3/TFPT/CTNNB1/RESF1/SKA3/INO80D/SMC2/NVL/SLX4/SLF1/TERF2IP/TNKS2/TINF2/ZNF304/TPR/KAT5/HSP90AA1/UCHL5/NABP2/LIG4/TASOR/TERF2/ACD/NCAPG/HNRNPA2B1/HNRNPD/CCT7/AURKB/CCT8/NEK2/INO80B/FBXO4/MAD2L1BP/MPHOSPH8/RAD50/CCT2/CDK2/RUVBL2/PPP1R10/SLX1A/ATF7IP/TERF1/RAD21/TNKS/CCT6A/FEN1/CCT5/ATR/GNL3/ACTR8/MAD1L1/CCT4/MACROH2A1/NCAPG2/SMC5/ATF7IP2/ATRX/PARN/NCAPH2/ERCC1/SETDB1/SMC4/DHX36/PTGES3/NCAPH	81
GO:2000142	regulation of DNA-templated transcription initiation	61/9141	82/16283	0.7439024390243902	1.325124539397675	3.339078059135218	4.707445950527514e-4	0.03831864476311883	0.03639020695813697	FOSL1/JUN/FOXO1/MED21/SUB1/MED30/TAF13/HNF1B/ERCC6/MED18/CTNNBIP1/PSMC6/MED19/TAF7/SRF/MED8/MED6/MED4/TWIST1/HEY2/TAF1/NFKB1/RRN3/MED7/TAF8/MED11/MED25/MED31/MED24/MED10/MDC1/TAF10/TAF9/SETX/MED20/MITF/MED13/MED27/MED29/NKX2-5/TP53/TAF11/TAF6/MED1/HMGB1/MED15/PPM1D/ZNF451/MED23/BCLAF1/TAF3/ZNHIT1/CDK4/TAF2/CAND1/GTF2A2/TAF12/MED14/ERCC1/DHX36/THRA	61
GO:0061014	positive regulation of mRNA catabolic process	72/9141	99/16283	0.7272727272727273	1.2955017851637478	3.336380529106344	4.761544194235977e-4	0.03831864476311883	0.03639020695813697	ZFP36/ZC3HAV1/PNPT1/ZFP36L2/SAMD4A/DCP1B/MOV10/PATL1/PLEKHN1/CPEB3/DCP1A/RIDA/GTPBP1/LSM1/ZFP36L1/YBX1/METTL14/TOB1/ZC3H12A/PIWIL2/NOCT/CNOT4/PAIP1/PRR5L/GIGYF2/QKI/TNRC6C/ROCK1/CNOT2/CNOT9/MLH1/SAMD4B/ROCK2/TNKS1BP1/CNOT10/TRIM71/CNOT8/FXR1/NT5C3B/CNOT6/RC3H1/DCP2/HNRNPD/RC3H2/TUT4/CELF1/YTHDF3/IGF2BP1/PUM1/TUT7/PAN3/CAPRIN1/FTO/POLR2G/PATL2/CNOT7/DND1/PUM2/TNRC6A/CNOT6L/HNRNPU/PDE12/ALKBH5/PARN/TENT4B/SYNCRIP/CNOT11/DHX36/KHSRP/TTC5/CNOT3/YTHDF2	72
GO:0070936	protein K48-linked ubiquitination	72/9141	99/16283	0.7272727272727273	1.2955017851637478	3.336380529106344	4.761544194235977e-4	0.03831864476311883	0.03639020695813697	NMI/IFI27/TRIM21/DTX3L/TNFAIP3/TRIM38/KLHL3/BIRC2/PELI1/UBE2T/TRIM6/NT5C2/DTX4/RFFL/RBX1/RNF115/UBE2H/ANAPC10/TOPORS/ITCH/NEDD4L/ANAPC13/UBE2E1/BTRC/TRIM25/RNF146/CDC26/RNF6/HACE1/UBE2D3/UBE2D1/FBXO7/SKP1/KCMF1/RNF170/RNF5/GABARAP/UBE2E2/ZNRF2/FBXO45/ANAPC15/RNF8/PPIA/UBE2B/ANAPC16/UBE2A/TRIM45/KBTBD2/UBE2D2/RNF34/CDC34/RNF4/TRIM31/MYCBP2/UBE2D4/RNF187/UBE2Q2/RNF216/PRKN/UBE2R2/UBR4/CDC16/CUL1/SPSB3/CDC23/ANAPC11/UBE2K/FBXO38/ANAPC4/ANAPC7/UBE2C/TCF25	72
GO:1902254	negative regulation of intrinsic apoptotic signaling pathway by p53 class mediator	20/9141	22/16283	0.9090909090909091	1.6193772314546846	3.2887719428055826	4.8152501393912493e-4	0.03837093444409027	0.036439865089944304	ZNF385A/ING2/KDM1A/RRM2B/SIRT1/MARCHF7/MUC1/RRN3/BCL2/TRIAP1/ARMC10/MIF/CD74/MDM2/TAF9/TAF9B/PTTG1IP/PRKN/CD44/ATAD5	20
GO:1990830	cellular response to leukemia inhibitory factor	70/9141	96/16283	0.7291666666666666	1.2988754877292783	3.3226419025437406	5.014776429453344e-4	0.03891673723438979	0.03695819961404118	KLF4/FZD4/CTH/PML/ARID5B/EPS8/MSC/VEGFC/HK2/ICAM1/TEX14/NRP2/PDCD10/KLF5/SNX10/GCLM/GFPT2/RARG/SMARCA5/ADAM23/SPRY4/MTF2/NFYB/SPRY2/EEF1E1/PIGA/TRIM25/ABCG4/CHCHD4/NR5A2/PAX6/SBNO2/POLR1F/MYNN/SIRT1/PLA2G10/CREB1/MRPL15/MRAS/KDM3A/PTP4A3/PRDM5/TNFSF11/RNMT/NCL/SHMT1/TLE4/PFKP/SOCS3/RIF1/CACYBP/BCLAF1/PMM1/SSTR1/XRCC5/UBXN2A/NUP35/EIF4A2/RFX2/JARID2/CACNB4/HNRNPU/MYBL2/SRM/KDM5B/PHC1/RPS16/B3GNT2/SPOCK2/PARP16	70
GO:0010212	response to ionizing radiation	98/9141	140/16283	0.7	1.2469204682201072	3.319477987304593	5.054975084372389e-4	0.03891673723438979	0.03695819961404118	CXCL10/EGR1/SFRP1/IFI16/IL1A/RHOB/CRYAB/PML/TREX1/GADD45A/CHEK2/BRCA2/CDKN1A/H2AJ/XRCC4/KDM4D/TANK/GPX1/RHNO1/SNAI2/KDM1A/RAD51AP1/BARD1/ERCC6/USP28/RNF168/POLB/PTPRC/TLK2/BABAM2/BRCA1/BCL2L1/RAD51/ECT2/RPL26/ITGB6/RAD54B/SIRT1/RFWD3/CASP3/UIMC1/DNMT3A/GATA3/BABAM1/BCL2/KAT5/YAP1/TNKS1BP1/INTS7/HRAS/COP1/NABP2/LIG4/NIPBL/RNF8/GTF2H5/INIP/MSH2/MDM2/TP53/PRKAA1/FBXO4/SMPD1/BRCC3/BLM/KARS1/RAD54L/GRB2/BAK1/ELK1/SWI5/TICRR/XRCC5/ATR/MAP3K20/FIGNL1/HSF1/H2AX/DCLRE1C/WRN/DCUN1D3/RAD1/NABP1/INTS3/CBL/AEN/ZMPSTE24/TOPBP1/HUS1/ABRAXAS1/ERCC1/TMEM109/RRM1/IKBIP/TP53BP1/TGFB1/XRCC6/NET1	98
GO:0006120	mitochondrial electron transport, NADH to ubiquinone	39/9141	49/16283	0.7959183673469388	1.4177812903960403	3.3134091171050937	5.094699441993757e-4	0.03891673723438979	0.03695819961404118	NDUFS5/NDUFA1/NDUFC2-KCTD14/NDUFV2/NDUFB3/NDUFB7/NDUFS6/NDUFA7/NDUFS4/NDUFB1/NDUFB10/NDUFA6/PINK1/DLD/NDUFB6/NDUFA8/DNAJC15/NDUFB5/NDUFC1/NDUFB2/NDUFA4/NDUFA5/NDUFB8/SNCA/NDUFA2/PARK7/NDUFB4/NDUFS2/NDUFS8/ISCU/NDUFA9/NDUFC2/COQ9/NDUFS7/NDUFS3/NDUFV1/NDUFAB1/NDUFAF1/NDUFA10	39
GO:0042073	intraciliary transport	39/9141	49/16283	0.7959183673469388	1.4177812903960403	3.3134091171050937	5.094699441993757e-4	0.03891673723438979	0.03695819961404118	IFT57/LCA5/BBS12/RPGR/IFT74/DAW1/IFT25/IFT70A/IFT81/IFT70B/DYNC2I1/FUZ/DYNLT2B/IFT56/DYNC2LI1/CLUAP1/TTC21A/SSX2IP/IFT22/ARL3/CILK1/IFT46/WDPCP/IFT43/TTC21B/DYNLL1/WDR19/IFT88/CEP131/KIF3B/IFT52/TRAF3IP1/IFT20/DYNC2I2/SSNA1/INTU/IFT27/PCM1/RABL2B	39
GO:0051101	regulation of DNA binding	55/9141	73/16283	0.7534246575342466	1.3420866096302524	3.3139565059377305	5.171023156144314e-4	0.03891673723438979	0.03695819961404118	IFI16/H1-0/SP100/MDFI/JUN/POU4F2/EGF/HABP4/TXN/PLAUR/PYHIN1/SUMO1/TRIM6/GATA1/ILRUN/IL32/DDRGK1/RSF1/POU4F1/KDM1A/HMGA2/HES1/EDF1/BCL3/MAD2L2/DAZAP2/PAX6/CEBPG/FOXC1/RB1/ZNF675/IGF1/TWIST1/HEY2/GTF2B/GATA3/HJURP/SUMO3/NME1/ACD/LAMTOR5/ZNF593/SUMO4/TRAF6/CPNE1/PINX1/SIRT2/RNF220/HMGB1/PRKN/NIBAN2/TNKS/E2F1/ZBTB7A/NSD1	55
GO:0071260	cellular response to mechanical stimulus	55/9141	73/16283	0.7534246575342466	1.3420866096302524	3.3139565059377305	5.171023156144314e-4	0.03891673723438979	0.03695819961404118	PTGS2/CASP1/IL13/IL1B/TLR3/TNFRSF8/MAG/ITGA2/ANKRD1/IRF1/GADD45A/FGF2/PTGER4/PDE2A/KCNJ2/HABP4/MYD88/BCL10/FAS/SOX9/F11R/WNT11/CASP8/MAP3K2/TLR4/CRADD/MAPK3/SCX/BAD/NFKB1/PIEZO2/MAP3K1/CD40/GCLC/MAP2K4/FADD/BAG3/MAP3K14/BMP6/TMEM87A/TLR8/SLC38A2/TLR7/CHEK1/BAK1/CASP8AP2/TNFRSF10A/MTPN/TLR5/LTBR/CASP2/CNN2/ATP1A2/TGFB1/TNFRSF1A	55
GO:0051036	regulation of endosome size	13/9141	13/16283	1	1.7813149546001532	3.188194757723779	5.479540260769542e-4	0.040428443952079375	0.038393827639426815	RILP/BLOC1S1/RAB5A/ALS2/BORCS6/BORCS7/BLOC1S2/CHMP3/KXD1/SNAPIN/RAB11A/BORCS5/BORCS8	13
GO:0097352	autophagosome maturation	47/9141	61/16283	0.7704918032786885	1.372488571577167	3.297360858380713	5.48434332893753e-4	0.040428443952079375	0.038393827639426815	GABARAPL1/CHMP5/TOM1/CHMP4B/CALCOCO2/VAMP8/CHMP4A/RUBCN/CHMP4C/EPG5/SMCR8/CHMP2B/MAP1LC3B/FYCO1/STX17/CHMP2A/UVRAG/BECN1/ADRB2/ATG14/GABARAP/ATG5/CHMP1B/TSG101/UBQLN1/GABARAPL2/MCOLN1/CHMP3/SNAPIN/VMP1/VPS4B/ATG12/CHMP7/MAP1LC3B2/LIX1/PIK3C3/SNAP29/CLEC16A/SNX14/LIX1L/VPS33A/CALM1/TBC1D25/CHMP6/VPS16/TECPR1/MFSD8	47
GO:0019362	pyridine nucleotide metabolic process	116/9141	169/16283	0.6863905325443787	1.2226777203172647	3.291995598903422	5.57084857607393e-4	0.040428443952079375	0.038393827639426815	IDO1/PARP9/UCHL1/PARP10/HKDC1/TREX1/NUPR1/NAMPT/IDH1/LIPA/RBKS/NMNAT2/HK2/KYNU/SLC2A6/PFKFB1/PFKFB2/NMRK2/NMRK1/PRDX5/NQO1/ALDOC/HK3/SIRT6/ME1/HIF1A/UCP2/ENO3/ALDOA/ENO2/NOCT/FLCN/DERA/PRXL2C/MDH1/PGM1/QPRT/TALDO1/PRKAG2/PGAM1/NUDT12/GAPDH/CD38/ARL2/IGF1/PGD/H6PD/G6PD/KAT2B/RPE/PRKAA2/ARNT/PPP2CA/NMNAT1/TPI1/NNMT/PFKL/FDXR/PGK1/GPD2/PKM/OGDH/BPGM/DDIT4/IDO2/GIT1/MLXIPL/MDH2/LDHB/GALK1/PCK2/IDH2/EIF6/TRIM63/OGDHL/KCNAB2/EP300/PGLS/SLC5A8/IER3/PFKP/TKT/TP53/PRKAA1/PRKAG1/LDHA/NNT/ACACB/ME2/NCOR1/NUDT17/PRKACA/DHTKD1/HK1/STAT3/TP53I3/DCXR/NADK/ENO1/ZBTB7A/PRPS2/MACROH2A1/INSR/FMO5/HAAO/PKLR/ADPGK/RPIA/COL6A1/NAXE/PARP16/ACTN3/PFKM/MFSD8/KMO/GPI	116
GO:0046496	nicotinamide nucleotide metabolic process	116/9141	169/16283	0.6863905325443787	1.2226777203172647	3.291995598903422	5.57084857607393e-4	0.040428443952079375	0.038393827639426815	IDO1/PARP9/UCHL1/PARP10/HKDC1/TREX1/NUPR1/NAMPT/IDH1/LIPA/RBKS/NMNAT2/HK2/KYNU/SLC2A6/PFKFB1/PFKFB2/NMRK2/NMRK1/PRDX5/NQO1/ALDOC/HK3/SIRT6/ME1/HIF1A/UCP2/ENO3/ALDOA/ENO2/NOCT/FLCN/DERA/PRXL2C/MDH1/PGM1/QPRT/TALDO1/PRKAG2/PGAM1/NUDT12/GAPDH/CD38/ARL2/IGF1/PGD/H6PD/G6PD/KAT2B/RPE/PRKAA2/ARNT/PPP2CA/NMNAT1/TPI1/NNMT/PFKL/FDXR/PGK1/GPD2/PKM/OGDH/BPGM/DDIT4/IDO2/GIT1/MLXIPL/MDH2/LDHB/GALK1/PCK2/IDH2/EIF6/TRIM63/OGDHL/KCNAB2/EP300/PGLS/SLC5A8/IER3/PFKP/TKT/TP53/PRKAA1/PRKAG1/LDHA/NNT/ACACB/ME2/NCOR1/NUDT17/PRKACA/DHTKD1/HK1/STAT3/TP53I3/DCXR/NADK/ENO1/ZBTB7A/PRPS2/MACROH2A1/INSR/FMO5/HAAO/PKLR/ADPGK/RPIA/COL6A1/NAXE/PARP16/ACTN3/PFKM/MFSD8/KMO/GPI	116
GO:0033108	mitochondrial respiratory chain complex assembly	73/9141	101/16283	0.7227722772277227	1.2874850661961503	3.2786924817049155	5.907674846244777e-4	0.042452064434005336	0.04031560667407806	NDUFS5/NDUFA1/NDUFB3/NDUFB7/COX17/SCO2/NDUFS4/COX14/NDUFB1/PET100/IMMP2L/TACO1/NDUFB10/NDUFA6/TMEM126B/CHCHD4/NDUFB6/NDUFAF2/SMIM20/NDUFAF3/NDUFA8/NDUFB5/TMEM126A/NDUFA13/LYRM2/UQCC4/NDUFC1/NDUFB11/NDUFB2/OMA1/DMAC1/COX16/NDUFA12/NDUFA5/NDUFB8/UQCRFS1/COA3/NDUFA2/AIFM1/NDUFB4/NDUFS2/PET117/NDUFS8/COX19/TMEM223/NDUFAF7/NDUFA9/SDHAF3/NDUFC2/SDHAF2/UQCC3/COA4/SDHAF4/SAMM50/NDUFS7/NDUFS3/COA8/SDHAF1/NDUFAB1/COX20/COA1/DMAC2/NDUFAF1/NDUFA11/NDUFAF5/UQCC2/NDUFAF4/FOXRED1/SCO1/NUBPL/STMP1/NDUFA10/COA5	73
GO:1905037	autophagosome organization	87/9141	123/16283	0.7073170731707317	1.2599544800830351	3.273934532501129	5.994185978070156e-4	0.042452064434005336	0.04031560667407806	GABARAPL1/STING1/NUPR1/CHEK2/FEZ2/STBD1/MOAP1/TOM1/ZFYVE26/SNX7/WIPI1/C9orf72/RALB/ATG101/SNX4/SMCR8/RAB23/GBA1/RAB43/PIP4K2C/RAB5A/ATG3/MAP1LC3B/STX17/PINK1/SH3GLB1/PIK3C2B/TP53INP2/ATG4C/RAB7A/SCFD1/MTM1/SPG11/BECN1/ATG2A/ATG14/PIKFYVE/CTSD/ATG4A/EPM2A/AMBRA1/RNF5/GABARAP/ULK1/SEC22B/PIP4K2A/ATG13/ATG5/RAB3GAP2/STX12/UBQLN1/SMURF1/GABARAPL2/RAB33B/NSFL1C/BAG3/MTMR3/ULK2/ATG16L1/TBC1D12/VMP1/MFN2/ATG10/TRAF6/ATG12/RAB1A/RAB1B/ATG4D/MAP1LC3B2/EMC6/IFT88/ATG7/PIK3C3/UBQLN2/UBXN2A/RAB3GAP1/LRSAM1/RB1CC1/ARFIP2/IFT20/ELAPOR1/WIPI2/SNX30/SNX18/DNAJC16/WDR45/WDR45B	87
GO:0009201	ribonucleoside triphosphate biosynthetic process	80/9141	112/16283	0.7142857142857143	1.2723678247143952	3.272179969736024	6.043023560769438e-4	0.042452064434005336	0.04031560667407806	LIPA/NDUFS5/NDUFA1/NDUFV2/NDUFB3/ATP5ME/ATP5PD/NDUFB7/ATP5MK/NDUFS6/ATP5IF1/NDUFA7/NDUFS4/ALDOA/NDUFB1/NDUFB10/NDUFA6/ATP5PF/NME5/PINK1/SDHD/ATP5F1C/NDUFB6/SDHC/PRKAG2/PID1/NDUFA8/NUDT2/ATP5PO/NDUFB5/NDUFA13/NDUFC1/NDUFB11/NDUFB2/ATP5F1B/ATP5MG/NME2/NDUFA12/NDUFA5/NDUFB8/ATP5F1E/NME7/SDHB/ATP5MC3/ATP5MF/NME3/NDUFA2/ATP5MJ/ATP5PB/NDUFB4/NDUFS2/NME1/NDUFS8/ATP6V0C/NDUFA9/NDUFC2/STOML2/UQCC3/CTPS2/ATP5F1D/DNAJC30/NDUFS7/ATP5F1A/NDUFS3/CTPS1/NDUFV1/NDUFAB1/ENO1/ATP5MC1/NDUFA11/ATP5MC2/VPS9D1/TMSB4X/ATP6V1A/SDHA/UCKL1/UCK1/NDUFA10/TGFB1/DMAC2L	80
GO:0006900	vesicle budding from membrane	62/9141	84/16283	0.7380952380952381	1.3147800855382084	3.2722282984101763	6.05861155800273e-4	0.042452064434005336	0.04031560667407806	RILP/BTBD8/CHMP5/SAR1A/INSIG1/ARFGAP3/CHMP4B/CHMP4A/AP3S1/CHMP4C/WASL/TRAPPC6B/TRAPPC13/PICALM/PRKCI/TRAPPC2B/SEC23B/SEC24D/GOLPH3/GOLPH3L/TRAPPC5/VAPA/RAB7A/TFG/SNX3/TRAPPC1/FNBP1L/ARFGAP2/MYO18A/SEC24A/PEF1/SEC23A/ANXA2/KLHL12/S100A10/SEC13/TMED2/TRAPPC4/SEC31A/TRAPPC11/RAB1A/CHMP7/PPP6C/TRAPPC3/TMED10/AP3M2/PDCD6/TMED9/GBF1/PRKN/PREB/TRAPPC10/TBC1D20/AP2M1/TRAPPC2L/CHMP6/AP3D1/MIA3/TRAPPC8/SEC24B/DNM2/DNM3	62
GO:0008630	intrinsic apoptotic signaling pathway in response to DNA damage	76/9141	106/16283	0.71698113207547165	1.2771692127321852	3.238841794922977	6.83567141030988e-4	0.0466732092246736	0.04432431662408459	IFI16/PML/NUPR1/RPS27L/PYCARD/CHEK2/MCL1/SHISA5/SFN/MOAP1/BRCA2/CDKN1A/FNIP2/CRIP1/CASP9/ZNF385A/IKBKE/SNW1/ING2/SNAI2/KDM1A/DDIAS/NFATC4/CDKN2D/TOPORS/SNAI1/ERCC6/USP28/POLB/BCL3/BRCA1/BCL2L1/RPL26/PHLDA3/SKIL/SIRT1/MARCHF7/ABL1/MUC1/BAD/BCL2L11/BCL2/USP47/MLH1/TRIAP1/DDIT4/MIF/UACA/CD74/ACKR3/MSH2/EP300/TAF9/TAF9B/PIK3R1/IER3/TP53/PIAS4/MSH6/BAK1/TPT1/HTRA2/URI1/E2F1/CD44/BCL2L2/BOK/DYRK2/CASP2/AEN/HIPK1/FBH1/TMEM109/TNFRSF1B/ATAD5/TNFRSF1A	76
GO:0030038	contractile actin filament bundle assembly	76/9141	106/16283	0.71698113207547165	1.2771692127321852	3.238841794922977	6.83567141030988e-4	0.0466732092246736	0.04432431662408459	TMEFF2/SFRP1/CCN2/SORBS1/RGCC/FHDC1/PTK2B/SDC4/PTGER4/NRP1/ARHGAP6/ASAP3/PHLDB2/TPM1/MKKS/TESK1/ARHGEF5/PFN2/F11R/SORBS3/PAK1/ARHGEF10L/RHOC/BAG4/PDLIM1/TGFBR1/ZEB2/LIMK1/SRF/WASF2/RAPGEF3/TTC8/ARHGEF18/PFN1/ABL1/EPHA1/ROCK1/BRAF/SMAD3/ITGB1BP1/ROCK2/CARMIL1/CCDC88A/RHOA/BBS4/TACSTD2/CD47/S100A10/DLC1/TSC1/PIK3R1/ARAP1/PPM1E/TJP1/FERMT2/LIMCH1/STMN1/RHPN2/CLASP2/ZYX/PAK2/INPP5K/MET/PPFIA1/CLASP1/RAC1/SYNPO2L/TNFAIP1/ITGB5/PXN/ARHGAP28/ACTG1/CDC42/ALMS1/S1PR1/DNM2	76
GO:0043149	stress fiber assembly	76/9141	106/16283	0.71698113207547165	1.2771692127321852	3.238841794922977	6.83567141030988e-4	0.0466732092246736	0.04432431662408459	TMEFF2/SFRP1/CCN2/SORBS1/RGCC/FHDC1/PTK2B/SDC4/PTGER4/NRP1/ARHGAP6/ASAP3/PHLDB2/TPM1/MKKS/TESK1/ARHGEF5/PFN2/F11R/SORBS3/PAK1/ARHGEF10L/RHOC/BAG4/PDLIM1/TGFBR1/ZEB2/LIMK1/SRF/WASF2/RAPGEF3/TTC8/ARHGEF18/PFN1/ABL1/EPHA1/ROCK1/BRAF/SMAD3/ITGB1BP1/ROCK2/CARMIL1/CCDC88A/RHOA/BBS4/TACSTD2/CD47/S100A10/DLC1/TSC1/PIK3R1/ARAP1/PPM1E/TJP1/FERMT2/LIMCH1/STMN1/RHPN2/CLASP2/ZYX/PAK2/INPP5K/MET/PPFIA1/CLASP1/RAC1/SYNPO2L/TNFAIP1/ITGB5/PXN/ARHGAP28/ACTG1/CDC42/ALMS1/S1PR1/DNM2	76
GO:0000281	mitotic cytokinesis	67/9141	92/16283	0.7282608695652174	1.2972619778066334	3.2347241209952586	6.955515780714604e-4	0.0466732092246736	0.04432431662408459	RHOB/CHMP5/CHMP4B/ZFYVE26/CHMP4A/CHMP4C/EXOC1/SNX9/CHMP2B/IQGAP2/KIF20B/CFL1/CEP55/SEPTIN6/DCDC1/RHOC/CHMP2A/ECT2/EXOC6/STAMBP/EXOC5/PDCD6IP/ROCK1/TRIM36/CDCA8/EXOC6B/KIF23/ARF1/ARF6/ROCK2/ARL3/RHOA/BBS4/CHMP1B/CHMP3/MTMR3/CKAP2/WNK1/MITD1/AURKB/VPS4B/NUSAP1/EXOC3/CHMP7/USP8/RAB11A/RAB11FIP3/STMN1/MAP9/KLHDC8B/JTB/POLDIP2/RACGAP1/EXOC2/EXOC4/ANK3/IQGAP1/RAB35/EXOC8/ZNF365/RTKN/EXOC7/CHMP6/SNX18/ANLN/APC/IQGAP3	67
GO:2000772	regulation of cellular senescence	36/9141	45/16283	0.8	1.4250519636801227	3.2301509792418845	7.003672739798972e-4	0.0466732092246736	0.04432431662408459	KIR2DL4/B2M/PNPT1/TBX2/BMAL1/GCH1/SIRT6/YBX1/ING2/HMGA2/MORC3/BCL6/YPEL3/EEF1E1/ZNF277/FZR1/ZKSCAN3/SIRT1/ABL1/TWIST1/PLK2/ARG2/MIF/PTEN/CGAS/TERF2/PAWR/TP53/NUAK1/FBXO5/RSL1D1/NEK4/CDK6/AKT3/ZMPSTE24/RBL1	36
GO:1902253	regulation of intrinsic apoptotic signaling pathway by p53 class mediator	27/9141	32/16283	0.84375	1.5029844929438791	3.22203568965921	7.005575203506618e-4	0.0466732092246736	0.04432431662408459	ZNF385A/ING2/KDM1A/RRM2B/USP15/RPL26/SIRT1/MARCHF7/MUC1/RRN3/BCL2/TRIAP1/ARMC10/MIF/CD74/MDM2/TAF9/TAF9B/TP53/PTTG1IP/RPS7/EIF5A/UBB/MSX1/PRKN/CD44/ATAD5	27
GO:0061028	establishment of endothelial barrier	38/9141	48/16283	0.7916666666666666	1.4102076723917878	3.219875339964494	7.307911476142293e-4	0.048291629656979314	0.04586128785156306	IL1B/TJP3/PROC/MYADM/ICAM1/PDE2A/RAPGEF1/CLDN1/MYD88/PDE4D/FASN/F11R/RAP2C/EDNRB/EZR/RAPGEF3/ROCK1/RAP1A/ROCK2/TJP2/AFDN/TJP1/S1PR2/VEGFA/PECAM1/ADD1/RAP1B/RDX/EDNRA/VCL/MARVELD2/IKBKB/RAPGEF2/ZDHHC21/MSN/FOXP3/PLCB1/TNFRSF1A	38
GO:0000288	nuclear-transcribed mRNA catabolic process, deadenylation-dependent decay	44/9141	57/16283	0.7719298245614035	1.3750501403931006	3.208941731166403	7.653694157622672e-4	0.04970015695288215	0.047198929099601744	ZFP36/ZFP36L2/SAMD4A/DCP1B/PATL1/CPEB3/DCP1A/LSM1/ZFP36L1/YBX1/TOB1/NOCT/CNOT4/PAIP1/TNRC6C/CNOT2/CNOT9/MLH1/SAMD4B/TNKS1BP1/CNOT10/CNOT8/NT5C3B/CNOT6/RC3H1/DCP2/HNRNPD/RC3H2/IGF2BP1/PAN3/CAPRIN1/POLR2G/PATL2/CNOT7/TNRC6A/CNOT6L/HNRNPU/PDE12/PARN/TENT4B/SYNCRIP/CNOT11/DHX36/CNOT3	44
GO:0045824	negative regulation of innate immune response	63/9141	86/16283	0.7325581395348837	1.304916769067554	3.2074068365452417	7.694138889151503e-4	0.04970015695288215	0.047198929099601744	LGALS9/NMI/HLA-F/ISG15/DHX58/TRIM21/USP18/HLA-E/CEACAM1/OAS1/IFI16/OAS3/PARP14/TNFAIP3/STAT2/KIR2DL4/PPARG/TREX1/HLA-B/PIM1/SERPING1/SAMHD1/DUSP10/TRAFD1/NLRC5/ARG1/SFN/SERPINB9/ADAR/KLRC1/SMIM30/DTX4/HLA-A/PTPN6/USP15/PTPN2/LILRB1/NR1H2/GIGYF2/NLRX1/LYAR/ATG5/BANF1/A2M/YWHAZ/AURKB/USP38/ATG12/YTHDF3/CR1/NR1H3/HAVCR2/RPS19/CNOT7/GRN/CACTIN/SUSD4/CRK/DNAJA3/TGFB1/FAM3A/ZDHHC18/YTHDF2	63
GO:0032784	regulation of DNA-templated transcription elongation	72/9141	100/16283	0.72	1.2825467673121103	3.2062813765981173	7.70450267724305e-4	0.04970015695288215	0.047198929099601744	INTS12/LARP7/LEO1/CCNK/MED21/SIRT6/MED30/EAPP/ZMYND8/ERCC6/RNF168/MED18/MED19/CTNNB1/MED8/MED6/NELFE/GTF2F1/MED4/MED7/EZH2/SUPT4H1/MED11/EAF1/MED25/MED31/ELL2/CDK9/INTS7/MED24/HMGN1/AXIN1/RNF8/MED10/MED20/KAT7/CDC73/MED27/MED29/CDK12/RECQL5/SCAF8/MED1/MED15/SUPT6H/MED23/EAF2/NELFB/INTS8/TSFM/INTS6/ELOA2/INTS13/SUPT5H/CCNT2/SHH/ZNF326/BRD4/INTS10/PWWP2B/CCNT1/HNRNPU/SUPT16H/INTS3/INTS14/SETD5/VHL/ZMYND11/MED14/NCBP2/ELL/WDR43	72
GO:0097250	mitochondrial respirasome assembly	79/9141	111/16283	0.7117117117117117	1.267782715436145	3.2026020034533667	7.788635369579502e-4	0.04984726636530881	0.04733863503118648	NDUFS5/NDUFA1/NDUFB3/NDUFB7/COX17/SCO2/HIGD1A/NDUFS4/COX14/NDUFB1/PET100/TACO1/NDUFB10/RAB5IF/NDUFA6/TMEM126B/NDUFB6/NDUFAF2/SMIM20/NDUFAF3/NDUFA8/NDUFB5/TMEM126A/ATPAF1/TMEM242/NDUFA13/HIGD2A/LYRM2/UQCC4/NDUFC1/NDUFB11/NDUFB2/DMAC1/COX16/NDUFA12/NDUFA5/NDUFB8/UQCRFS1/COA3/NDUFA2/COX7A2/AIFM1/NDUFB4/NDUFS2/COX7A2L/FMC1/PET117/NDUFS8/ATP23/COX19/TMEM223/NDUFAF7/NDUFA9/SDHAF3/NDUFC2/SDHAF2/UQCC3/COA4/ATP5F1D/SDHAF4/NDUFS7/NDUFS3/COA8/SDHAF1/NDUFAB1/COX20/COA1/DMAC2/NDUFAF1/NDUFA11/NDUFAF5/UQCC2/NDUFAF4/FOXRED1/SCO1/NUBPL/STMP1/NDUFA10/COA5	79
